"","baseMean","log2FoldChange","lfcSE","stat","pvalue","padj"
"abfA_1",373.046052359984,0.436585616413337,0.116393267954574,3.75095247419059,0.000176164092041545,0.000254086223024816
"accA",27625.8806052274,-4.88996165510672,0.0787316403032834,-62.1092312603932,0,0
"accB",23920.3663521394,-5.24823438853975,0.0846129158506767,-62.0263979296227,0,0
"accD",27612.3236141582,-4.89119155888705,0.0711056205671484,-68.7876924478574,0,0
"ackA",9391.91342946753,-2.47603032985833,0.058372924035441,-42.4174456012348,0,0
"acpA_1",27510.0495552995,-5.73518810450816,0.0866927727593468,-66.155319779985,0,0
"acpS",962.474264683016,0.321435094773153,0.0843940994792614,3.80873896109456,0.00013967731957118,0.000202475791878384
"acyP",2785.63348917268,3.00162071909634,0.0938493386901525,31.9833976561766,1.85561191990828e-224,1.92662089590477e-223
"addA",19701.9466770829,0.473226451973094,0.0523388761215944,9.0415860454032,1.54414847168377e-19,3.29204670464235e-19
"adeC",4752.46384079363,2.91201105093958,0.0736963442680692,39.5136431781092,0,0
"adhE",101711.921629039,5.06850318059064,0.0638161286070521,79.4235452889967,0,0
"adk",52137.14911049,-2.96445539778406,0.0523220348099363,-56.6578767158553,0,0
"ahpC",5944.66043991206,-4.93855218332622,0.0849516949953113,-58.1336509365563,0,0
"ahpF",18869.0183795827,-4.62898039444087,0.0681426858623912,-67.9307006446551,0,0
"alaA",7593.49060857009,-0.217807987766116,0.0566786822825939,-3.84285553217607,0.000121611060085506,0.000176911183007545
"alaS",27137.1774634909,-2.12021854977504,0.0492908212488526,-43.0144699572113,0,0
"albF",4710.47753459238,-0.240669933201642,0.0589632787134673,-4.08169183350845,4.47090530734509e-05,6.6554470310168e-05
"alsS",3587.202181767,-2.65850653456682,0.0762215459678474,-34.8786750624064,1.56542974459018e-266,1.89965229765458e-265
"apbE",2582.35175705559,-0.286305197397249,0.0663689604856572,-4.31384182157142,1.60441759947012e-05,2.43114068286411e-05
"appA",61502.3596019483,2.11258377980438,0.0529685943629596,39.8837047728358,0,0
"apt",8228.64942477207,-2.32099047370374,0.0659525840187876,-35.1918049646481,2.66867326108157e-271,3.30823461158215e-270
"arcC1",1191.81942357765,-2.27260099261319,0.0991967949772004,-22.9100243927793,3.69137784746295e-116,2.11482125284929e-115
"arcD1_1",2764.0450174476,4.83435344555001,0.0906886944558192,53.3071236118098,0,0
"argS",119285.083841411,3.08174456913838,0.0532027738617599,57.9245092961856,0,0
"artM_2",10148.0207722927,0.442958567256738,0.0613766787495319,7.21705012850856,5.31273969935159e-13,9.96701850967721e-13
"asd",5257.59476918776,2.42214106870203,0.072901776138012,33.224719574961,4.73322940354649e-242,5.29679679556409e-241
"atpC",14394.0221758632,0.237210970705331,0.0697222102059484,3.40222964826627,0.000668384480302408,0.000940907374131045
"atpE_1",3496.71207957868,-0.229853059653863,0.0589757278817691,-3.89741793631879,9.72237517657476e-05,0.000142442949606872
"atpF",9020.51822789663,-0.393123450562624,0.059622737692616,-6.59351559113849,4.29531623785642e-11,7.7111919476124e-11
"atpG",22151.119429891,-0.419228459477563,0.0670039380085994,-6.25677343656664,3.93023725282544e-10,6.87970927518319e-10
"axe2",959.137273707995,0.38476483948116,0.0822266792644765,4.67931871897186,2.87829718461798e-06,4.49645991469925e-06
"bbmA",92.6382111245783,2.31685091201029,0.248598133415738,9.31966334652943,1.16710022593611e-20,2.53518145754702e-20
"bceA_1",3215.33560136429,-2.30643728735019,0.0850948162421135,-27.104321851849,8.7566410823169e-162,6.57548296416277e-161
"bcr",416.220702749295,-3.35534301818155,0.166306802492528,-20.1756210082405,1.60337170875306e-90,7.59686496601943e-90
"bepA",10885.5737988258,0.218144060444556,0.0641386731717885,3.40113148053876,0.000671075424716076,0.000944233327535927
"bglC",3647.88715930779,0.406475395912652,0.0714269254333453,5.69078668088507,1.26455407708142e-08,2.11938084247446e-08
"bglF_2",201.873513138206,3.10016448355048,0.219015376177848,14.1550083727137,1.73917034842249e-45,5.37256060371974e-45
"bglF_4",16981.6039325584,3.12720654807783,0.0561675302788145,55.676411844253,0,0
"bglH_3",4968.2122918189,0.451430561943697,0.0565626692239837,7.98106893004055,1.4507141920217e-15,2.86162826903594e-15
"bioY2",29482.6388289621,5.91909525761854,0.0705259949853454,83.9278518346104,0,0
"birA",4217.26475490168,0.403231915646735,0.0617717491767241,6.52777233963572,6.67550571482834e-11,1.19025135994088e-10
"brnQ_1",15050.7387197103,2.52514379172506,0.0576588058867121,43.7945904860821,0,0
"bsaA",1939.70047216099,3.68618587324782,0.0841303536769691,43.8151714825956,0,0
"catM",674.356215287674,0.428153312034282,0.114078882390781,3.75313382338045,0.00017463756354061,0.000252137365834736
"cbh_3",6704.89511666998,0.427016043153318,0.0567174206741289,7.52883396455469,5.11954321724934e-14,9.75732690046991e-14
"ccpA_2",22598.3420279435,-0.391856837383649,0.0485016276647555,-8.0792512798163,6.51656256820121e-16,1.29431173661234e-15
"celA_1",451.630735263743,6.10224342403586,0.255966105548624,23.8400448018563,1.28448602760308e-125,7.8266563885306e-125
"celA_2",890.004187608375,0.495656683685451,0.101523244013524,4.88219903236566,1.04909286511798e-06,1.66236423144865e-06
"celA_3",3088.14139645051,5.80510626782044,0.118575506805392,48.9570436949332,0,0
"cfa",7986.33473960301,-2.38072535068368,0.0617263550990066,-38.5690252869312,0,0
"cfiB_1",55265.2723175416,-5.24134650339218,0.0597484056603718,-87.723621165485,0,0
"cfiB_2",39275.2845705141,-0.255225446565622,0.0695170420780303,-3.67140831854067,0.000241217608699006,0.000345743896081469
"chbC",7133.05541708703,7.40437826649921,0.231424813754421,31.9947465718021,1.29022826524314e-224,1.34445525030408e-223
"clcA",2716.71952338292,-0.41986339703022,0.0638026304507332,-6.58065966973616,4.68365550389232e-11,8.38219864915638e-11
"clpP_2",202.456318159098,5.97528250557095,0.357887385001295,16.6959852623733,1.40185790984624e-62,5.22246547761373e-62
"cmk",4373.51810797149,-2.2731288522989,0.0724894337408928,-31.3580715835635,7.55172438103207e-216,7.4892273516718e-215
"cmpD",5229.41505400691,2.32734926071934,0.0703869602511217,33.0650627959495,9.45035507004693e-240,1.04939077920676e-238
"coaA",7704.21067925925,-0.452129469886996,0.0597703080167495,-7.56444938781803,3.89510956731258e-14,7.45331677684031e-14
"coaBC_1",2635.78319208056,0.400433736128127,0.0709478828924734,5.64405475967497,1.66091208278871e-08,2.77719950587228e-08
"coaBC_2",1552.98050195376,0.363591941743003,0.0724931150617065,5.01553756427092,5.28853902411917e-07,8.44521834168058e-07
"copA",3508.96988616163,0.243194856471677,0.0662783283589058,3.66929677457683,0.0002432185980856,0.000348181527174806
"copY",635.330329755941,-0.377804773839316,0.0976692543330942,-3.86820577692586,0.00010963912442506,0.000159980782266094
"corA_2",7043.01526473382,7.43008028882467,0.117563515554407,63.2005622984802,0,0
"crtK-2",4368.53081046345,2.29664492276609,0.0708926490436475,32.3960940061935,3.11533963204615e-230,3.29401352270762e-229
"cspLA_1",21194.2187590322,-0.448935161333477,0.082123758527506,-5.46656862012853,4.58830850970286e-08,7.57518672440036e-08
"cspLA_2",60322.2095101162,-0.208310674424686,0.0566851512325717,-3.67487198843335,0.000237968698662342,0.000341345624614911
"ctc",11501.7298951777,2.18751876227776,0.0628215127706657,34.8211729676656,1.16318997494852e-265,1.40560267561006e-264
"cysL",2496.84809690001,0.377322277108072,0.0700937819570425,5.38310626953068,7.32112852779605e-08,1.19838165315546e-07
"dapA",4646.01938040544,2.83285634829706,0.0744999149833464,38.0249608194897,0,0
"dapB",2998.19621767721,2.62226869380853,0.074935962907085,34.9934609776076,2.82888258717418e-268,3.46207077477146e-267
"dapF",6267.10205746081,3.24036177415613,0.0662335397610677,48.92327642227,0,0
"dapH",3286.98304162475,2.2806604004351,0.0958517973236674,23.7936112218521,3.88919442470657e-125,2.35977281971648e-124
"dauA",5054.55651013878,-3.12079674728416,0.0783099784231004,-39.8518402140635,0,0
"dcuR",392.999661152966,3.1087807370563,0.143683419843791,21.636321994814,8.17716279224029e-104,4.3631762876592e-103
"dcuS_1",558.827387782065,3.61065325910932,0.130755070652173,27.6138679830947,7.58389187336575e-168,5.83189118390371e-167
"dcuS_2",982.329170869487,3.96214386011269,0.107747961299295,36.7723325094469,5.11252382586204e-296,7.13767889474719e-295
"ddc",10063.0628846262,-4.81655995232661,0.0633814183065871,-75.9932497727971,0,0
"degA_2",1556.03183048733,-0.382991328190623,0.07867792368505,-4.86783725665853,1.12826180962143e-06,1.78584532992362e-06
"degA_4",2994.00692252508,-2.87983432807858,0.079783980197241,-36.0953956039682,2.67844625544155e-285,3.58288903751158e-284
"deoB",16014.1277990676,-0.403818695426212,0.0567641655120201,-7.11397220030834,1.12749871356787e-12,2.09746849949625e-12
"der_1",21419.1833110134,-3.01204208694755,0.0549401269133027,-54.824083164217,0,0
"dgaR_7",718.927604532287,0.452590171435579,0.0896686756392087,5.04736094527171,4.47954579760975e-07,7.17725555093351e-07
"dgkA",2318.5565779892,0.277899358495127,0.0718186612598087,3.86945890692404,0.000109077163289124,0.000159241584578437
"dgs",6222.37763990173,0.321085147281713,0.0577421592631098,5.5606709444073,2.68739475215271e-08,4.46501866388862e-08
"dhaS",3424.40611400278,-0.334975655346342,0.0748842753291391,-4.47324426755848,7.70416836420475e-06,1.18171670482415e-05
"dinB_3",1872.15751618261,0.476604495424447,0.0900296941812074,5.29385887355299,1.19761869692928e-07,1.94706126193816e-07
"dinB_4",1103.50794110653,0.475612793915801,0.0937537494912227,5.07300024262313,3.91592000270713e-07,6.29524087634752e-07
"divIB",12758.6321712849,-0.414567055982967,0.0604857364421387,-6.85396393213375,7.18311997514685e-12,1.31583777379123e-11
"dltA",3245.13909598479,-2.11121640052801,0.0711875423451583,-29.6571047542506,2.74660316697588e-193,2.40098197818317e-192
"dnaA",17054.5871796049,-0.368491196960559,0.0514049586054354,-7.1683978930701,7.58804955531571e-13,1.41525489760622e-12
"dnaD",2615.35222510206,-0.388285203444923,0.0670989454856376,-5.78675567305353,7.17588331541909e-09,1.21185205021405e-08
"dnaG",14105.28201385,-0.411950462497884,0.0764747658867468,-5.38675022696965,7.17430240309777e-08,1.17501672615656e-07
"dnaN",9056.84447768993,-0.223253536241685,0.0549268373420319,-4.0645620073021,4.81227445162468e-05,7.14881266677303e-05
"DNPH1",5656.60462813359,-4.25760567848667,0.0689143775881393,-61.7810945624711,0,0
"dppC",11952.280887395,6.64272497355007,0.0854064019706999,77.7778342170294,0,0
"dppE",142482.54794893,7.31001735120818,0.0883062601408408,82.7802846542175,0,0
"dus_1",3673.95798030252,-2.21367994364972,0.073390675636422,-30.1629590469545,7.25337754288081e-200,6.64353943099529e-199
"dxs",5407.64743738539,-3.04595893156164,0.0662181591232208,-45.9988464175457,0,0
"ecfA1",5458.18806970772,0.275284736872219,0.0684430162363988,4.02210118737899,5.76812666332125e-05,8.55109911531542e-05
"ecfA2_1",6904.91101938791,0.234157897536988,0.0633342482612231,3.69717655084813,0.000218010727753013,0.000313186240268563
"ecfT",3220.60339429874,0.437428422148785,0.0590599563758524,7.40651448106444,1.29662090164521e-13,2.44851064552307e-13
"ecsA_1",1668.22669892863,0.320536544733055,0.0920791779588095,3.48109694111782,0.000499364722543822,0.000708172062147945
"emrB",1796.79261192233,-4.3264300595861,0.103002996150466,-42.002953518615,0,0
"exuR_1",868.650816623778,-0.472199555585975,0.0975551050429999,-4.84033670383361,1.29619327462103e-06,2.0471454463537e-06
"fabD",33794.8286912533,-5.68795779564647,0.0725544937738627,-78.3956651034553,0,0
"fabF",40078.004307205,-5.30576326793513,0.075415105036319,-70.3541189179533,0,0
"fabG_1",36871.9265682727,-5.51032548381373,0.0687621944478423,-80.1359748341575,0,0
"fabH",40120.1411879908,-4.57584512986097,0.0653582952045519,-70.0116965343105,0,0
"fabI",13683.4250194928,-3.68796447933797,0.0725441426999781,-50.8375223977811,0,0
"fabZ_1",17430.9163358927,-5.34161953546391,0.0959247560621362,-55.6855159684099,0,0
"fabZ_2",8552.94330168686,-3.29923122730417,0.0650652773255138,-50.7064806747616,0,0
"fba",232198.306211952,-2.27325337116887,0.060843248202628,-37.3624590784204,1.59138754733238e-305,2.2770301423522e-304
"FECAFAII_00019",6756.10583938358,-3.78471690760366,0.0648017474723525,-58.4045501121463,0,0
"FECAFAII_00048",3796.17055871484,-0.288213188862756,0.0647578230537337,-4.4506312175381,8.56182600927365e-06,1.31047427369191e-05
"FECAFAII_00050",74.4304533484647,-2.20992462738432,0.272707015305127,-8.10365888428532,5.33305009408835e-16,1.06070899520042e-15
"FECAFAII_00072",1294.64915346069,-2.87194083859187,0.0921388311202993,-31.1697120928545,2.7425385659819e-213,2.6557376820754e-212
"FECAFAII_00087",4576.29786494372,0.441674800268112,0.0684209521535434,6.45525656054815,1.08035717366741e-10,1.91796742683177e-10
"FECAFAII_00116",392.76569514671,2.31594879966088,0.142743333184266,16.2245671864146,3.38092354441726e-59,1.2109011349619e-58
"FECAFAII_00125",1548.60339538231,0.347618074934394,0.0867071591275784,4.00910465101179,6.09494028509372e-05,9.02164089548612e-05
"FECAFAII_00131",4148.01078122573,0.420023691441675,0.0646624419132964,6.49563609127026,8.26833039298467e-11,1.47242837215009e-10
"FECAFAII_00146",21.3146672814524,-3.19283945452812,0.560054402507153,-5.70094519431502,1.19144940258791e-08,1.99918814576594e-08
"FECAFAII_00170",4586.10122945985,-2.09444178014063,0.0668437020601582,-31.333419837454,1.63673443323368e-215,1.60110484012927e-214
"FECAFAII_00173",778.500523503736,-0.429421635305856,0.118658602579823,-3.61896757562924,0.000295780691589056,0.000421956978675657
"FECAFAII_00179",1725.23581860054,-0.354252727222131,0.0700331491106547,-5.05835781655912,4.22882380014208e-07,6.78688462567445e-07
"FECAFAII_00190",1354.48433316192,-2.91357346677036,0.0929804877226934,-31.3353214005486,1.5419659783491e-215,1.5135474927413e-214
"FECAFAII_00206",3042.55079246243,-3.42772844405809,0.0729803310130001,-46.9678390941732,0,0
"FECAFAII_00212",939.764423151743,0.44568141237127,0.0852593387637116,5.2273618214004,1.71945811265273e-07,2.7844377995435e-07
"FECAFAII_00233",480.142036853998,-2.52415123686124,0.122397970588363,-20.6224925521864,1.72441492135858e-94,8.55071950659874e-94
"FECAFAII_00252",1435.19467982559,2.09847229887938,0.0880162722280558,23.8418674838,1.22977102619914e-125,7.50917509840495e-125
"FECAFAII_00291",2611.11726468573,-0.387165765593293,0.0645935895637001,-5.99387289371003,2.0490154814706e-09,3.5119001935098e-09
"FECAFAII_00306",2191.72230593035,-0.420966366038127,0.0709524035852746,-5.93308111869933,2.97301867430039e-09,5.07141263777457e-09
"FECAFAII_00318",18.3160329982549,-4.30819600799362,0.768407640796688,-5.60665430594478,2.06275076324333e-08,3.4371212022525e-08
"FECAFAII_00322",1130.283319835,3.82818237889473,0.1287474511322,29.734044015861,2.7887943535258e-194,2.45277448340679e-193
"FECAFAII_00352",21694.482272822,-0.340215050775967,0.0625669940944028,-5.43761220592828,5.39993440235766e-08,8.88964587360082e-08
"FECAFAII_00368",4088.32524176512,2.1181184467197,0.07239728191363,29.2568780309545,3.67102347506459e-188,3.16103698032508e-187
"FECAFAII_00382",5.37223844983643,-4.79221379792518,1.41484109209921,-3.38710391201243,0.000706346290171746,0.000992404460446478
"FECAFAII_00427",2796.29627984557,-0.482617960508299,0.0624598242009102,-7.72685428886088,1.10236704209644e-14,2.13783385911622e-14
"FECAFAII_00463",8340.83465283312,0.391802195950687,0.0552495758686658,7.09149689912631,1.3266905240044e-12,2.4616528690559e-12
"FECAFAII_00465",82.8013882981146,-2.01626406607905,0.259089358737601,-7.78211840078337,7.13200706722581e-15,1.38873746278547e-14
"FECAFAII_00466",1536.26389051344,5.18163591113157,0.114453125326456,45.2729962275118,0,0
"FECAFAII_00467",790.683277715312,3.40179105739482,0.110199147703747,30.8694860920341,3.06820419504662e-209,2.89316566064068e-208
"FECAFAII_00540",798.591408996054,-2.0465080096846,0.0934235353007207,-21.9057007754749,2.29227589533219e-106,1.239207796048e-105
"FECAFAII_00541",985.1255470165,-0.475442703126489,0.124798708048749,-3.80967648271464,0.000139148751020024,0.000201811300016938
"FECAFAII_00557",2293.51114951811,-0.40699979191089,0.0709963592456863,-5.73268539732365,9.88528873105994e-09,1.66063612094208e-08
"FECAFAII_00563",10064.6876211584,-0.387196552064345,0.0564473510897817,-6.85942820325606,6.91367147795323e-12,1.26728611667263e-11
"FECAFAII_00564",92.8404542511708,-2.1214794373134,0.240514232913702,-8.82059831392429,1.13849736893027e-18,2.38827019186248e-18
"FECAFAII_00641",511.931111320856,0.46229179122489,0.10288353899671,4.4933504011723,7.01112794161566e-06,1.07713696367984e-05
"FECAFAII_00647",5.04286606118532,-5.70008504491402,1.48047426512178,-3.85017502782808,0.000118033445548002,0.000171967674466086
"FECAFAII_00652",30.0335772620703,2.48776802141578,0.428826683195984,5.80133680785626,6.57883046265437e-09,1.11298331827023e-08
"FECAFAII_00693",1652.79845101209,0.381696065513514,0.073810072810696,5.17132758414244,2.32436677916856e-07,3.75554991960043e-07
"FECAFAII_00694",648.462150432666,-2.16367054698451,0.128700205487345,-16.8117101195869,2.00308375892603e-63,7.52071656745596e-63
"FECAFAII_00699",1400.81859457562,2.86196585258153,0.0878348075574973,32.583504560058,7.02450500358256e-233,7.53823745906845e-232
"FECAFAII_00707",2308.93418173641,2.17018452104198,0.0819588731472041,26.4789453259584,1.69429897301442e-154,1.21516305396246e-153
"FECAFAII_00709",743.94407246156,-2.74023926263373,0.101686728145252,-26.9478555620307,6.04413125075956e-160,4.50334753294935e-159
"FECAFAII_00713",356.807043069948,-3.03127386702235,0.159806574141688,-18.968392779228,3.1127900519531e-80,1.35232389568234e-79
"FECAFAII_00732",2394.97835173138,0.493007192193262,0.0693425894622579,7.10973149425863,1.16268929031021e-12,2.1615348409387e-12
"FECAFAII_00734",2756.88086678579,-0.359384959645531,0.0644019062901368,-5.58034661313389,2.40039754112182e-08,3.99741941416698e-08
"FECAFAII_00736",8637.91834921932,-0.383668522375614,0.0663620731345053,-5.78144268636664,7.40627138323766e-09,1.25002561609105e-08
"FECAFAII_00754",3099.33542488631,-0.437215766610576,0.0659968997796549,-6.62479249889489,3.47736303895256e-11,6.25838304131888e-11
"FECAFAII_00822",5740.96419093248,-2.24032028784686,0.0635318697315378,-35.2629364964958,2.17357596503022e-272,2.71791498931605e-271
"FECAFAII_00827",45517.934196766,2.42789433825077,0.0514374538929387,47.2009042925055,0,0
"FECAFAII_00830",31332.7970459809,-4.21340747268402,0.0647882812457471,-65.0334812356302,0,0
"FECAFAII_00831",42388.0785053125,-4.41189888609686,0.0604737252504877,-72.9556326788596,0,0
"FECAFAII_00832",2320.01387152626,-0.304276378813043,0.0664788552890861,-4.57703998496792,4.71601345481634e-06,7.28032994957155e-06
"FECAFAII_00834",1993.36636002103,-0.377268011556723,0.0852458158063302,-4.42564843785222,9.61530109621107e-06,1.47015448977688e-05
"FECAFAII_00836",829.969901517364,-2.67337324134866,0.100639498326768,-26.5638569924946,1.77657117474122e-155,1.29680677628319e-154
"FECAFAII_00892",2940.88881066204,0.386710600280797,0.0712000008142128,5.43132859351882,5.59360274259173e-08,9.19268656439646e-08
"FECAFAII_00907",16163.0832950261,2.34678730129357,0.0660449460041232,35.5331852515568,1.51105751615608e-276,1.94008991806469e-275
"FECAFAII_00908",1320.56820202227,2.55449886354072,0.0882358863409073,28.9507928063553,2.74251818195646e-184,2.29955751933143e-183
"FECAFAII_00910",1153.37538338351,-2.44106747178382,0.0922770382072006,-26.4536825109471,3.3096236554044e-154,2.36778050570723e-153
"FECAFAII_00920",13144.02422522,-0.429365604519885,0.0641507926938729,-6.69306779370311,2.18539830367633e-11,3.95295944740449e-11
"FECAFAII_00975",594.659137084041,3.03836021462633,0.11794555819239,25.7607006248615,2.44594736424401e-146,1.69099630278023e-145
"FECAFAII_00987",4459.08655492387,-2.68773207140736,0.0694651960078647,-38.691779853368,0,0
"FECAFAII_01003",1409.39009091655,6.00597150465763,0.152404280073481,39.4081550843709,0,0
"FECAFAII_01004",1459.05254904531,2.23293934585952,0.0862493126223858,25.8893581637654,8.77626488604101e-148,6.11151036616318e-147
"FECAFAII_01005",3771.83972143383,5.65476804699037,0.0898883324511558,62.9088102180904,0,0
"FECAFAII_01007",6690.06775135381,5.14790321030109,0.0707090293696172,72.8040429375924,0,0
"FECAFAII_01008",1145.61077225329,4.91370155366433,0.128328784205566,38.2899408272521,0,0
"FECAFAII_01009",793.263776442349,4.80254337948623,0.137560617348748,34.912197052087,4.85506242368422e-267,5.91659302140501e-266
"FECAFAII_01010",2110.92155926062,5.00426843822597,0.110790152684464,45.1688919725419,0,0
"FECAFAII_01011",1732.58509340253,5.12659199652878,0.253010230314347,20.2623901419296,2.76222771568637e-91,1.32623821541135e-90
"FECAFAII_01012",271.714338750047,4.23045041210791,0.196771873805218,21.4992637428232,1.58177368031994e-102,8.3471212928443e-102
"FECAFAII_01013",88.9393367700953,5.52293363252466,0.462703577289032,11.9362241910542,7.66232273002831e-33,1.99971326420703e-32
"FECAFAII_01014",667.062233361436,4.73464338610637,0.149826606156197,31.6008184899443,3.59770980759885e-219,3.64331457980785e-218
"FECAFAII_01015",24.0791799048534,5.63692036645671,0.912345539092005,6.17849282418452,6.47164296912742e-10,1.12597974465883e-09
"FECAFAII_01016",1886.12829153452,4.48064967364065,0.102715895304844,43.6217749973637,0,0
"FECAFAII_01017",2717.0419044509,4.51182917862491,0.0835918406432044,53.9745164588824,0,0
"FECAFAII_01018",5385.01702255225,4.54408355197209,0.0741459616337145,61.2856513267727,0,0
"FECAFAII_01019",207.757566224007,4.75720081482249,0.250975153650821,18.9548676258253,4.02565560594406e-80,1.74627232619836e-79
"FECAFAII_01020",180.156310868287,3.56643594084423,0.208331104418977,17.1190756694292,1.06960221503474e-65,4.14020991983837e-65
"FECAFAII_01021",302.941313728082,3.71627839580043,0.178676141085804,20.7989627110639,4.42270331509553e-96,2.20445316017587e-95
"FECAFAII_01022",135.435653076673,3.66072563039329,0.25599548988022,14.2999614255162,2.18930874126296e-46,6.82172474525707e-46
"FECAFAII_01023",422.089611870047,4.03184238531303,0.158819574507584,25.3863064286229,3.57247700748101e-142,2.4005709984849e-141
"FECAFAII_01024",135.41366479884,3.54256030979382,0.245748061556355,14.4154150692311,4.13943136183823e-47,1.30251691429396e-46
"FECAFAII_01025",337.876361645525,3.43464738935326,0.156729769651257,21.9144543949485,1.89147094773453e-106,1.02639065012915e-105
"FECAFAII_01026",246.850479306331,3.59298605439935,0.185690479675399,19.3493283052538,2.06515930157984e-83,9.23701112184077e-83
"FECAFAII_01027",309.601672513722,3.22760850215219,0.156850031101827,20.5776720570545,4.35079816517513e-94,2.14998204863294e-93
"FECAFAII_01028",7.64178635081649,4.52958517831108,1.21811002562877,3.7185353400018,0.00020038126189554,0.000288148254605786
"FECAFAII_01033",721.010289517802,3.33519206699328,0.114949599140683,29.0143862347135,4.33261117948424e-185,3.66487933888138e-184
"FECAFAII_01035",108.025344132185,4.91661859475648,0.361845102289222,13.5876333924416,4.74165824840835e-42,1.39437721088164e-41
"FECAFAII_01036",256.889960903232,5.01045334699848,0.23910270631792,20.9552347782145,1.68098079047189e-97,8.51144498837527e-97
"FECAFAII_01037",472.308288810054,4.40439199284351,0.15847976171098,27.7915106969672,5.49379837456197e-170,4.29352286011962e-169
"FECAFAII_01038",1069.85304974931,4.40607890518249,0.125802888905115,35.0236703109871,9.81606118151898e-269,1.21163055613942e-267
"FECAFAII_01039",109.191037208094,4.92631470846091,0.35489189054077,13.8811701246664,8.23878905852972e-44,2.48112642223366e-43
"FECAFAII_01040",118.56680187225,4.69371675288905,0.322325671117137,14.5620320485838,4.8979921734506e-48,1.55998067451206e-47
"FECAFAII_01041",905.660149535183,4.83782753057745,0.133540476438375,36.2274245203097,2.25333137490766e-287,3.04252630715231e-286
"FECAFAII_01042",201.791898570723,5.90475924944641,0.345273406726045,17.1016913970774,1.44159129181614e-65,5.55022296554646e-65
"FECAFAII_01043",656.391811996661,5.78490173100975,0.189825766364344,30.4747971879983,5.62354302996361e-204,5.18375312633825e-203
"FECAFAII_01044",305.493029332647,6.19802697537349,0.306785852649413,20.20310559254,9.1930045925366e-91,4.37009606746037e-90
"FECAFAII_01045",973.838087931722,5.96765975277425,0.1656366842892,36.0286115263862,2.98281805234172e-284,3.95326484725105e-283
"FECAFAII_01046",225.798578370976,5.04831546882637,0.258008744212331,19.5664510683088,2.98776690144603e-85,1.36177775096019e-84
"FECAFAII_01047",345.405479186668,5.9446834761718,0.271604078103695,21.8873130244466,3.43153942487054e-106,1.85161489417029e-105
"FECAFAII_01048",306.083012988758,6.58437856066346,0.345957739001192,19.0323204784292,9.20833716571955e-81,4.03092506675942e-80
"FECAFAII_01049",509.336837523676,6.2427578803666,0.242716850746247,25.7203315763734,6.924849159485e-146,4.75319001973243e-145
"FECAFAII_01050",243.27979007629,5.70384751445767,0.298085218724043,19.1349558990984,1.29188577239285e-81,5.69856362178194e-81
"FECAFAII_01051",418.800311861133,5.9586193378374,0.246410434899207,24.1816842711013,3.46759122260426e-129,2.16329552195442e-128
"FECAFAII_01052",278.143679622524,6.23981249835747,0.325316803543123,19.1807260811547,5.36262689478e-82,2.37641216477462e-81
"FECAFAII_01053",42.1444999349607,5.44944990370576,0.665488698760639,8.18864379493514,2.64186161918412e-16,5.2800514362568e-16
"FECAFAII_01054",1817.39114736575,4.69512779087662,0.0992638257150896,47.2994845509253,0,0
"FECAFAII_01055",423.323275115895,3.63724201390842,0.148036141004123,24.5699596682077,2.64690948586833e-133,1.68046615482502e-132
"FECAFAII_01060",100.601425914287,2.24653137223394,0.23309031288552,9.63802975946627,5.52379624622637e-22,1.21828512301741e-21
"FECAFAII_01128",17693.5096570871,-0.234406391827132,0.05011949568107,-4.67695032924418,2.91172749744742e-06,4.54621513716546e-06
"FECAFAII_01134",41422.532652577,4.32839204910722,0.0758169459961577,57.0900343219651,0,0
"FECAFAII_01139",6461.43375255269,0.355517085357082,0.0568592525979245,6.2525810508114,4.03724098861047e-10,7.0584225430053e-10
"FECAFAII_01141",12275.6181383495,0.291746287983804,0.0611935142861004,4.76760145887016,1.86432115343477e-06,2.9331442217059e-06
"FECAFAII_01156",3077.56462603681,-2.76553015452028,0.0710455259197855,-38.9261690826629,0,0
"FECAFAII_01158",13307.3545296025,-2.43291457041675,0.0563410741245117,-43.181898964867,0,0
"FECAFAII_01160",17239.8979003792,-2.52975384280692,0.0504289702885601,-50.1646935944039,0,0
"FECAFAII_01161",8349.58554983123,-3.11585445025425,0.0621610611509764,-50.1255028881582,0,0
"FECAFAII_01162",16646.2255134137,-2.39997111770312,0.054213566432155,-44.2688292921392,0,0
"FECAFAII_01167",2152.72834695297,-0.401755861154079,0.0754646303586396,-5.32376371877483,1.01641916746365e-07,1.65809502304337e-07
"FECAFAII_01261",26136.8157670799,-0.34278223506756,0.0510325861019179,-6.71692855978305,1.8559490163315e-11,3.36339594894102e-11
"FECAFAII_01267",1298.95040008905,2.4688674197827,0.0913917474570879,27.0141176690153,1.00886058152506e-160,7.5559453970471e-160
"FECAFAII_01290",20867.87274542,-0.252546316254682,0.0575047468483491,-4.39174729210955,1.12443347223987e-05,1.71285522572133e-05
"FECAFAII_01303",5658.79482568743,0.396133412461992,0.0767122355148575,5.16388826115319,2.41872115017235e-07,3.90361505493584e-07
"FECAFAII_01304",443.917011316593,-0.390158661910741,0.114567314374546,-3.40549714410887,0.000660437043038874,0.000930174797149756
"FECAFAII_01305",1461.48840111202,-0.493895221475464,0.0810552997596511,-6.09331188632927,1.1059828356261e-09,1.91154244907492e-09
"FECAFAII_01307",3946.13104324167,0.3834836237563,0.065051433477337,5.89508337106668,3.74492251830204e-09,6.36548295664105e-09
"FECAFAII_01308",1678.26734152465,-2.42665726876388,0.0756205896913922,-32.0899014232377,6.09850007861778e-226,6.42464696926913e-225
"FECAFAII_01313",3166.34418724858,2.25099326815823,0.0772958351803254,29.121792434312,1.90213358570729e-186,1.62330450815851e-185
"FECAFAII_01321",3256.80328382343,5.1058344644912,0.0847622397278579,60.2371348478316,0,0
"FECAFAII_01340",633.99145515663,4.09278222684342,0.137600149231468,29.7440246228123,2.0718893217372e-194,1.83346267363575e-193
"FECAFAII_01342",681.721187917352,4.67153019068515,0.147289425883063,31.7166705123423,9.15303894240346e-221,9.40147857084012e-220
"FECAFAII_01343",1266.52479704929,3.99814586654728,0.103836178568886,38.504362560828,0,0
"FECAFAII_01346",2417.83169053551,-2.85185269071785,0.0759345140615982,-37.5567385392686,0,0
"FECAFAII_01358",1822.69116294625,2.00323636226516,0.077406324374798,25.8794921273561,1.13340063081846e-147,7.8735753967002e-147
"FECAFAII_01393",2181.2134359717,2.93285358415346,0.0813151120296529,36.0677555616469,7.26666911393057e-285,9.675435357252e-284
"FECAFAII_01424",3984.83746797245,0.292663132884939,0.065419434330601,4.47364205881005,7.68984281560233e-06,1.18014876935284e-05
"FECAFAII_01425",6116.56517610814,0.407708770066098,0.0600407771851366,6.79053118864405,1.11721421017985e-11,2.03361270156789e-11
"FECAFAII_01449",1855.73518557519,2.84785523257481,0.0953407045251959,29.8702977574725,4.7853566413738e-196,4.28744102822151e-195
"FECAFAII_01450",932.792168150665,3.47411396225973,0.100100392828558,34.7062969893619,6.33062024071498e-264,7.61793464949635e-263
"FECAFAII_01451",1979.64651865957,3.4953648720699,0.0819980839836035,42.627396912943,0,0
"FECAFAII_01455",26310.294021455,7.70670716148322,0.0955409178240616,80.6639431251342,0,0
"FECAFAII_01458",5625.93193475992,2.625347491566,0.0778554807360768,33.7207794074986,2.86744996073438e-249,3.28557214624386e-248
"FECAFAII_01462",582.823052480826,-2.4893110140555,0.136395830737825,-18.2506386052251,2.04504682283108e-74,8.42629607802607e-74
"FECAFAII_01484",3729.48980138218,-2.05878314951525,0.08721574595252,-23.6056359666527,3.37325540011202e-123,2.02959885579962e-122
"FECAFAII_01487",3201.95557353269,-2.15822124665695,0.071554935127889,-30.1617385691092,7.525671797022e-200,6.87105780578897e-199
"FECAFAII_01496",3784.38004783745,3.9191763267777,0.0863236451305112,45.4009596194921,0,0
"FECAFAII_01505",5257.74401997341,2.49572179358992,0.0788413227836749,31.6549964596318,6.47298386279765e-220,6.62501835921923e-219
"FECAFAII_01510",83.1919020171587,-2.62357541799693,0.293976510085953,-8.92443895340431,4.47963997991e-19,9.43842093935615e-19
"FECAFAII_01555",9202.7225629452,3.05031712897716,0.0556187872789518,54.8432872813016,0,0
"FECAFAII_01571",149.412719318693,3.02565182478752,0.238715618176049,12.6747124796676,8.16575545315934e-37,2.24949355203891e-36
"FECAFAII_01581",70.3857563573767,-2.63398052509213,0.297039857023438,-8.86743129856912,7.48525289891622e-19,1.57250455349036e-18
"FECAFAII_01582",527.636208227117,0.440736362602569,0.100589242101777,4.38154571397038,1.17840312343234e-05,1.79411719586629e-05
"FECAFAII_01584",237.440153715622,-3.31605563275834,0.183761490921706,-18.0454327842343,8.56905928164286e-73,3.48580120141511e-72
"FECAFAII_01592",4449.87080782813,2.17779150453833,0.0662354731204733,32.8795342123884,4.31120473508772e-237,4.73245222065354e-236
"FECAFAII_01596",4415.11218255868,-2.7474133218461,0.0692137054350431,-39.6946429117935,0,0
"FECAFAII_01598",416.794167619981,-3.06784878830613,0.14600394175467,-21.0120956423288,5.08408760681014e-98,2.59252410588403e-97
"FECAFAII_01603",6852.69264654272,0.336063531845207,0.0667888146880878,5.03173373288126,4.86064039059833e-07,7.77486193735306e-07
"FECAFAII_01605",2137.79206330752,-2.79287345173011,0.090252982951693,-30.9449434289055,2.97149467433128e-210,2.82046821233557e-209
"FECAFAII_01606",5695.23907334831,-3.26282128641266,0.0640545051344212,-50.9382014514902,0,0
"FECAFAII_01618",23.8812129573577,-2.93007523133396,0.516184128258596,-5.67641481193715,1.37547003817376e-08,2.30393234116933e-08
"FECAFAII_01627",956.410132598799,-2.38189237231796,0.0980973692638757,-24.2808995816271,3.12005126594388e-130,1.95071031322926e-129
"FECAFAII_01629",397.28371146712,-2.2157505215177,0.132588362803734,-16.7115007279907,1.08080892498545e-62,4.03689151721839e-62
"FECAFAII_01651",1754.17940530866,3.13672317133141,0.0886994387250023,35.3635064259684,6.21678146346869e-274,7.8418699512877e-273
"FECAFAII_01652",12939.1081458446,3.11413098939495,0.0697241119638893,44.6636163829204,0,0
"FECAFAII_01653",6613.61218953333,3.31422863045496,0.099796521419984,33.209861258664,7.75708970474954e-242,8.64705038405414e-241
"FECAFAII_01654",14084.2886836986,3.15895904116116,0.0761836454326842,41.4650549106686,0,0
"FECAFAII_01658",174.732937355877,-2.84302520328028,0.20790677305873,-13.6745194081637,1.4415655329148e-42,4.26537291426232e-42
"FECAFAII_01659",3191.90224576773,3.71157977777807,0.0776222954281581,47.8158982197745,0,0
"FECAFAII_01660",28848.7603660508,4.26848752621924,0.0751631989520904,56.789593653937,0,0
"FECAFAII_01661",1083.17602128148,4.25758088511398,0.113590581045397,37.4818127166055,1.82234398249383e-307,2.63369914253882e-306
"FECAFAII_01662",5195.82312123319,3.47779768551328,0.0882757436543672,39.3969797539194,0,0
"FECAFAII_01665",541.028588045458,6.64041724725652,0.267656293551562,24.8094941431941,7.08115440466438e-136,4.55601791226281e-135
"FECAFAII_01669",2400.63039147715,4.96881156672638,0.102073716289152,48.6786583987092,0,0
"FECAFAII_01673",675.11460754654,0.450864823395745,0.0913788258410159,4.93401856771694,8.05547768856278e-07,1.27997534985119e-06
"FECAFAII_01699",3039.48554516293,2.43218205492583,0.248857248264925,9.77340251040873,1.46449350769566e-22,3.26789646394134e-22
"FECAFAII_01709",9505.02506555054,4.66068639626981,0.071888548711149,64.8321113700129,0,0
"FECAFAII_01711",2391.74596663679,2.02328909326099,0.0758879074768117,26.6615480717955,1.3149335150608e-156,9.64731834008896e-156
"FECAFAII_01731",13115.9376121991,2.49141277423615,0.06891907363174,36.1498296908151,3.74348091727558e-286,5.03095846639466e-285
"FECAFAII_01738",2672.92626842928,-0.3597591123218,0.0732180540428851,-4.91353009888904,8.94509927821698e-07,1.41976299802164e-06
"FECAFAII_01739",3283.50860560556,-0.303275484251711,0.0685303411760207,-4.42541915080716,9.62552025197542e-06,1.47093497580666e-05
"FECAFAII_01743",767.701176171635,-3.11780854026639,0.112781205405213,-27.6447527676653,3.22710771415584e-168,2.4882471275904e-167
"FECAFAII_01748",912.425392010339,-0.377226950122631,0.0834838379248544,-4.51856262839977,6.2260857730152e-06,9.58064349020424e-06
"FECAFAII_01771",148.399667511544,-2.00992677880428,0.211115602901808,-9.52050322750951,1.72342451163639e-21,3.77212244708239e-21
"FECAFAII_01783",284.101650287635,3.79093178362636,0.195874047714779,19.3539257898346,1.88891433134885e-83,8.46186544697707e-83
"FECAFAII_01784",1424.96938467611,5.17566304633497,0.119046653601297,43.4759221680347,0,0
"FECAFAII_01785",5432.73029448813,2.96094881740084,0.0677864262246125,43.6805564522555,0,0
"FECAFAII_01792",1620.76723355326,0.313970419048684,0.0795821831144717,3.9452350609315,7.97217345774521e-05,0.00011709893189211
"FECAFAII_01799",122.382718326512,2.66179630234586,0.219363989991989,12.1341533879059,6.96263789463547e-34,1.84388090101028e-33
"FECAFAII_01800",274.442526480485,3.31376031506903,0.164825788316784,20.1046228803723,6.72295455484218e-90,3.17491252869066e-89
"FECAFAII_01801",228.828044705286,3.16483591106613,0.192715991764566,16.4222796566488,1.32493917645892e-60,4.85417206559983e-60
"FECAFAII_01808",10251.2817851445,0.376343787252354,0.0534047088907259,7.04701504922366,1.82796556304116e-12,3.38303021834388e-12
"FECAFAII_01828",470.171063209785,2.7304101132583,0.125111474390931,21.8238185310381,1.37854019058655e-105,7.41061979089145e-105
"FECAFAII_01867",6502.71899967937,2.33394740562446,0.101054413472038,23.0959472766647,5.08520924536871e-118,2.96053882382195e-117
"FECAFAII_01881",2126.97334231327,3.51009867114159,0.110940175862696,31.6395628891542,1.05545222071584e-219,1.0764115555953e-218
"FECAFAII_01906",1346.62931324452,0.332477158572778,0.0715808038579698,4.64478101185447,3.4043737188039e-06,5.29814870956711e-06
"FECAFAII_01909",663.916205509752,0.499530628941775,0.0920952049152938,5.42406772862091,5.82577908913138e-08,9.56237519877685e-08
"FECAFAII_01915",2305.71426583976,2.24611312147975,0.0745944884002755,30.1109796400381,3.48025276023404e-199,3.16747055013706e-198
"FECAFAII_01917",293.532105526904,2.01903645663229,0.141162790639311,14.3028941797501,2.09895618939873e-46,6.54728633482728e-46
"FECAFAII_01925",277.948462448284,2.01105254056867,0.147048086588407,13.6761557883965,1.4094974664427e-42,4.17478343304758e-42
"FECAFAII_01926",152.626229491104,2.12755232062252,0.185191599348721,11.4883846141222,1.50907384529398e-30,3.78057175876784e-30
"FECAFAII_01927",1346.68891281452,2.40728359937551,0.0883955936260564,27.2330723809508,2.63711937044902e-163,2.00114915815604e-162
"FECAFAII_01928",1936.3422656048,2.08815554980966,0.0795529227673468,26.2486339554926,7.40896238646142e-152,5.23542403524891e-151
"FECAFAII_01929",1784.63039228799,2.15871884770486,0.0860592841864385,25.0840902072602,7.41814478396842e-139,4.88205592647441e-138
"FECAFAII_01930",6084.86715398794,2.29568109298978,0.0569576126484136,40.3050792729058,0,0
"FECAFAII_01932",111.745019679362,2.44415081732302,0.227862600062348,10.7264238038812,7.64997170968824e-27,1.8122997229871e-26
"FECAFAII_01933",1718.95468587482,2.17638240107447,0.101922620479643,21.3532814485393,3.63497429124891e-101,1.9042233263446e-100
"FECAFAII_01935",1953.02884776529,2.80352235858485,0.0955103446039332,29.3530755250714,2.1830330681777e-189,1.88540633756128e-188
"FECAFAII_01950",8943.23261085406,2.90042357792474,0.0968203093017451,29.9567683561662,3.59168077032587e-197,3.23814228697718e-196
"FECAFAII_01952",7793.98763136634,3.31962452440517,0.0921462228653201,36.0256169073485,3.32290361851073e-284,4.3837939480903e-283
"FECAFAII_01977",3337.96547522396,4.39941915808572,0.10722796103202,41.0286562921026,0,0
"FECAFAII_02019",1224.03976374596,-2.03020989227782,0.0857170674644886,-23.6850134090146,5.14596474787309e-124,3.10268230919979e-123
"FECAFAII_02020",627.979172896104,-2.03985477224854,0.104336533477684,-19.5507240298034,4.0670782256675e-85,1.850778002693e-84
"FECAFAII_02021",748.954098998352,-3.55263617445465,0.12284094905639,-28.9206180979912,6.57347991171388e-184,5.49573494944451e-183
"FECAFAII_02052",5184.32780556832,-2.50167170292256,0.0872428067734278,-28.6748191105254,7.86366755347152e-181,6.44327859936869e-180
"FECAFAII_02058",1664.00221995885,0.262228834136554,0.0702078638158044,3.73503507847113,0.000187689023499947,0.000270437691175274
"FECAFAII_02059",3065.61333710454,0.3426862794531,0.0819945035415054,4.17938111277951,2.92303478861567e-05,4.38760336746277e-05
"FECAFAII_02073",489.69176096081,2.32935115498675,0.118434787390851,19.6677953015577,4.07100306464716e-86,1.87932661539731e-85
"FECAFAII_02083",113.026587447104,2.57490731912134,0.265406421324143,9.70175215156754,2.96364794921447e-22,6.58690224261268e-22
"FECAFAII_02084",16.9547099149746,3.44835197307515,0.660425294892404,5.22141111151256,1.7756485528837e-07,2.87381273950114e-07
"FECAFAII_02085",37.8706475731704,2.99155092368158,0.412329106940535,7.25525041362895,4.00919409468033e-13,7.53131431502328e-13
"FECAFAII_02106",12745.1813491168,2.67596230857006,0.0789166173807107,33.9087304725776,4.95358026796153e-252,5.76781249014468e-251
"FECAFAII_02111",9626.19171009322,0.274666166697494,0.0539681156367563,5.08941554576765,3.59168774000466e-07,5.78046667053911e-07
"FECAFAII_02148",5362.02345217041,0.492484103593513,0.0706899467586867,6.96681955744993,3.24186029528569e-12,5.9690078164159e-12
"FECAFAII_02202",6324.19381118114,2.46803315577122,0.0887897613188158,27.7963711030746,4.79875075501104e-170,3.76054691319122e-169
"FECAFAII_02208",879.618755795046,0.431503158090362,0.0947706783816787,4.55312935877202,5.28537504002135e-06,8.15490269050505e-06
"FECAFAII_02209",1899.17786205481,0.300990311164804,0.0852584974622044,3.53032624458618,0.000415047533372472,0.000589761218369184
"FECAFAII_02211",3302.69590495038,0.4609955418844,0.0725554095764377,6.35370325349397,2.10192137873276e-10,3.70866618726099e-10
"FECAFAII_02269",1213.34557401363,-0.391294687520099,0.080925700031455,-4.83523389192811,1.32989172859223e-06,2.09806286968254e-06
"FECAFAII_02281",13.754159760001,2.95446354422466,0.650936736482577,4.53878753285534,5.65786079730741e-06,8.72026133604293e-06
"FECAFAII_02288",4418.35745756357,-0.461421743088174,0.0593699356013882,-7.77197647958009,7.72707999213594e-15,1.50359147884864e-14
"FECAFAII_02337",1194.41214705171,0.391512307951064,0.0854835549548753,4.57997223159161,4.65037667805593e-06,7.1828589291562e-06
"FECAFAII_02339",5214.56209282957,-0.248877421064893,0.0585470358467095,-4.25089703459139,2.12916040095445e-05,3.21441748721522e-05
"FECAFAII_02356",2205.66484942731,0.33476030013117,0.0678163580931669,4.93627657904119,7.96281619900211e-07,1.26595132052681e-06
"FECAFAII_02359",698.008340809384,2.2282638785595,0.102752570772183,21.6857238881145,2.79820638898951e-104,1.49862971596533e-103
"FECAFAII_02363",913.986351147152,2.7856050185577,0.101471542978127,27.4520810150503,6.56133126208668e-166,5.01872040153226e-165
"FECAFAII_02370",12219.2534213809,2.42599325596168,0.0602116138582863,40.2911182827866,0,0
"FECAFAII_02378",4198.69441740577,-0.483437326097198,0.0605751517454713,-7.98078605116066,1.45404310889225e-15,2.86622891101721e-15
"FECAFAII_02383",5963.70678038499,2.40645281607589,0.0870446157089806,27.6461995549669,3.10041809005309e-168,2.39698989972922e-167
"FECAFAII_02385",116.178399288207,-2.40072300605507,0.22375642743239,-10.7291800892757,7.42520593232022e-27,1.76050224743223e-26
"FECAFAII_02387",10958.3217524773,0.2150015794678,0.0554455142579601,3.87770917711225,0.000105444656703575,0.00015417327538357
"FECAFAII_02388",7495.71224715365,-0.437225140111954,0.0541554772381532,-8.07351651965359,6.83019309527517e-16,1.35566841559775e-15
"FECAFAII_02390",2614.57585012618,0.271776282873158,0.0764401242121137,3.55541393573624,0.000377384467122875,0.000537039944307466
"FECAFAII_02396",17402.9761663972,2.75684648996989,0.0766246220789459,35.9785981995386,1.80819743841526e-283,2.36380719676468e-282
"FECAFAII_02398",15724.5181373306,-0.41222766634363,0.054861489558457,-7.51397145176647,5.73600981498386e-14,1.09177791051579e-13
"FECAFAII_02399",92.9541861376292,-3.54223130687151,0.291734637621411,-12.1419634492231,6.32888734673398e-34,1.67759262757668e-33
"FECAFAII_02400",1101.99692329188,-0.296227112156466,0.0814789559491312,-3.63562724516753,0.000277305070931425,0.000395992742799791
"FECAFAII_02408",47.9402201708177,2.52521238578233,0.371119132447669,6.80431744148464,1.01529444441578e-11,1.84926334524369e-11
"FECAFAII_02422",1055.10731631843,0.450838852460227,0.0896149411784119,5.03084470660606,4.88323566991484e-07,7.80666247174824e-07
"FECAFAII_02426",30019.4837419251,6.44397981915679,0.0787281770560515,81.8509974461737,0,0
"FECAFAII_02445",2424.89841176286,2.26778132433381,0.0822398010961226,27.5752287105268,2.20575815920859e-167,1.69166945756904e-166
"FECAFAII_02447",1870.12766822224,2.22237890911997,0.0884383834944441,25.1291217829596,2.39061582373878e-139,1.58419610808127e-138
"FECAFAII_02488",1988.92935469934,-0.408452331138273,0.0866189177839882,-4.71550951671872,2.41106622995123e-06,3.77681180682993e-06
"FECAFAII_02526",304.260252252841,2.08445621417731,0.146336889887653,14.2442292970529,4.86889808678406e-46,1.51219772112213e-45
"FECAFAII_02527",81.7660991814252,3.36266649670848,0.294390141511266,11.4224833734108,3.22873934923013e-30,8.06063747255717e-30
"FECAFAII_02530",66.669664515398,5.89231962143061,0.589401402733609,9.99712520890241,1.56885332185722e-23,3.55557301312952e-23
"FECAFAII_02531",361.126751806714,4.7649747091622,0.193199286326456,24.6635212777683,2.63532803603542e-134,1.68053291167137e-133
"FECAFAII_02532",163.76401421927,5.01785756204443,0.301374308174803,16.6499181447609,3.03016392592146e-62,1.12303498079254e-61
"FECAFAII_02533",35.9654414922276,5.48163521353065,0.71505406535409,7.66604300168013,1.77383741940788e-14,3.41927373875138e-14
"FECAFAII_02534",59.2768636803529,5.34295101539186,0.540144781718617,9.89170162561196,4.52273886042801e-23,1.01779318956111e-22
"FECAFAII_02535",141.480520511436,5.52700938451834,0.368651734231216,14.9924952775397,8.22058060095318e-51,2.69275510345573e-50
"FECAFAII_02536",394.581434041819,5.24921442507303,0.209086641067546,25.1054510143346,4.33636274592566e-139,2.86698373730626e-138
"FECAFAII_02537",489.356230621046,3.51696441959258,0.13442720394579,26.1625944478533,7.08583136611428e-151,4.99481642376095e-150
"FECAFAII_02539",342.358639145807,3.45915724961589,0.156110085976323,22.1584481744538,8.64798025262357e-109,4.78299830895103e-108
"FECAFAII_02540",599.073472815723,2.34806219702156,0.106556732876153,22.0357938315415,1.30733624831159e-107,7.14809705350598e-107
"FECAFAII_02541",95.3027472996827,2.62511298674318,0.24983133858527,10.5075408137687,7.97458896239446e-26,1.86160047531221e-25
"FECAFAII_02543",99.176321689707,2.44802941550093,0.238332224069282,10.2714998991882,9.47203936483774e-25,2.18807913359625e-24
"FECAFAII_02544",78.7538008758762,4.37494940161375,0.365217007335036,11.9790407175653,4.57587807012772e-33,1.19747273245563e-32
"FECAFAII_02552",117.994386285303,2.1683158133516,0.20667533309407,10.4914107595253,9.4605148685436e-26,2.20489795477564e-25
"FECAFAII_02553",227.561107213032,2.86735853358553,0.194346043337786,14.7538817067754,2.90466167835396e-49,9.36525446967039e-49
"FECAFAII_02554",176.697676573982,2.59982221667858,0.193284803295704,13.4507326615903,3.04836825797745e-41,8.87359019225015e-41
"FECAFAII_02555",227.089998669863,2.8373236502771,0.17752853180033,15.9823529294339,1.69620586150605e-57,5.96367733214108e-57
"FECAFAII_02556",77.233720113279,3.06946784386807,0.294561304478424,10.4204720620149,1.99958237281623e-25,4.6489886048662e-25
"FECAFAII_02557",67.2066260776909,3.15019210632153,0.326711442550204,9.64212358689415,5.3078377828134e-22,1.17245326139565e-21
"FECAFAII_02558",68.1654829707064,2.75008724453651,0.289188536399805,9.50966894736967,1.91270255140413e-21,4.18321865995307e-21
"FECAFAII_02559",272.19386710143,3.27575101761076,0.16723603686487,19.5875905637349,1.97309556380581e-85,9.02165793562086e-85
"FECAFAII_02561",381.310500757927,3.16627941217698,0.153452722723859,20.6335824869967,1.37106678035287e-94,6.8103420730481e-94
"FECAFAII_02562",1134.09106542358,3.76673148643526,0.1005111814321,37.4757458102296,2.2879711539566e-307,3.29010251938959e-306
"FECAFAII_02564",188.436653827339,3.83699967600166,0.217764630227819,17.6199398037574,1.73189129729403e-69,6.88923841081278e-69
"FECAFAII_02565",206.148162584712,4.28020417177472,0.224552001880272,19.0610822256524,5.31637151949214e-81,2.33790282722621e-80
"FECAFAII_02566",246.78874944523,3.98269170568459,0.203978543690274,19.5250521629961,6.72482618681811e-85,3.05056784121276e-84
"FECAFAII_02567",2312.68895770723,4.36312700666779,0.0876909618474039,49.7557207122476,0,0
"FECAFAII_02570",533.220998081141,-0.482126333234987,0.100435935678676,-4.80033695088429,1.58398893517325e-06,2.49482594608886e-06
"FECAFAII_02576",1774.21619151355,2.51918439606483,0.124441439963425,20.2439347921822,4.01775599923348e-91,1.91626306033093e-90
"FECAFAII_02578",70.3949963938241,4.33481315571837,0.38470702708435,11.2678294144285,1.89176055535773e-29,4.66212798389789e-29
"FECAFAII_02579",73.8618688052573,5.51542575128329,0.513747537113741,10.7356733664734,6.92125325116557e-27,1.64236999590365e-26
"FECAFAII_02580",261.0744529551,6.08657937565433,0.33178938718063,18.3447078502867,3.63877349520526e-75,1.50360812819114e-74
"FECAFAII_02588",551.899665602898,0.422058290469761,0.101978619192005,4.13869391264369,3.49288580792594e-05,5.22117441974793e-05
"FECAFAII_02593",31859.7808621879,0.438703282288851,0.0568295813427157,7.71962896652736,1.16668820764258e-14,2.2595254445657e-14
"FECAFAII_02612",4194.98773823062,0.41000326286685,0.0599594388766797,6.83801033745688,8.03006042084088e-12,1.46911283526325e-11
"FECAFAII_02627",28754.6281419658,-2.19068544150072,0.0609160423610045,-35.9623730727308,3.2427006698446e-283,4.2199127269109e-282
"FECAFAII_02644",240.538337027186,-2.85473052460922,0.198807571713492,-14.3592645893953,9.32109775788471e-47,2.92977892368049e-46
"FECAFAII_02654",3800.14537378735,0.360903771028272,0.0690084978653931,5.22984534067449,1.69651907914114e-07,2.75038831545091e-07
"FECAFAII_02663",49.6808043585892,-4.50910412350494,0.497305698633538,-9.06706706939966,1.22263658748582e-19,2.61435154320388e-19
"FECAFAII_02665",3013.90028305422,2.72753977253662,0.0818576612821652,33.3205191769983,1.94802309447689e-243,2.21443257696266e-242
"FECAFAII_02683",77.9017840883446,-2.48371887573965,0.274273381251597,-9.05563224694155,1.35778881400832e-19,2.90118917465671e-19
"FECAFAII_02690",1715.17149738461,4.71367860599331,0.102695730417416,45.8994603459575,0,0
"FECAFAII_02691",4927.71025498195,4.9730260668861,0.0895175029867456,55.5536727562925,0,0
"FECAFAII_02719",8801.12962622417,-0.240698023672106,0.0606994127691662,-3.96540942805256,7.32700706243399e-05,0.000107953239301025
"FECAFAII_02724",1663.90452183134,-2.18312653385253,0.0853809589838896,-25.5692435390011,3.35496221602429e-144,2.28105705278625e-143
"FECAFAII_02742",2466.50370293766,2.30592655361353,0.0679428142131012,33.9392263967906,1.75886749425376e-252,2.05630199734708e-251
"FECAFAII_02768",680.025942908084,0.478840211141409,0.101695002662,4.70859136247738,2.49434559683622e-06,3.90089066693908e-06
"FECAFAII_02770",170413.808211773,2.66298805463642,0.06515844635333,40.869422211144,0,0
"FECAFAII_02771",39153.1966401519,2.68608818452312,0.0527169380495026,50.9530386988867,0,0
"FECAFAII_02783",612.73371020005,2.03188727833198,0.112639145386661,18.0389088656261,9.64291082946996e-73,3.91709202620842e-72
"FECAFAII_02787",17.6890767255414,2.2606107013123,0.586544043500061,3.85411927094621,0.000116146968405443,0.000169304957493186
"FECAFAII_02789",1781.43079098775,0.494486022489584,0.07702190036507,6.42007039745591,1.36211340697691e-10,2.413701884452e-10
"FECAFAII_02860",5195.86957041534,2.57569558021326,0.075883607163867,33.9427140653867,1.56235249895788e-252,1.83401052530729e-251
"FECAFAII_02876",815.666410054767,0.338102335062684,0.0910186751320578,3.71464795078742,0.000203486787705542,0.000292467766837151
"FECAFAII_02909",15.8194710373294,2.18560540570986,0.55319400369383,3.95088412223555,7.7863019475927e-05,0.000114485707572989
"FECAFAII_02911",826.716032452418,2.06492182675644,0.104601323919036,19.7408765911484,9.60963460223954e-87,4.47205649126876e-86
"FECAFAII_02916",456.188165905247,2.02439537175506,0.124308202154711,16.2852920134389,1.2552855737154e-59,4.51839963705317e-59
"FECAFAII_02920",17.8130125491652,2.05941330445245,0.528427163758165,3.89725102283905,9.72907610722477e-05,0.000142468548291133
"FECAFAII_02945",982.514293936181,0.37878156604631,0.0912366763586325,4.15163705172028,3.30105486576412e-05,4.94213107440792e-05
"FECAFAII_02954",11834.9789308011,4.50044923497662,0.0719738059996474,62.5289877681148,0,0
"FECAFAII_02956",256.09091993511,2.34170792294432,0.16604630614441,14.1027402374596,3.65304593313289e-45,1.12005971254693e-44
"FECAFAII_02957",353.028008988952,2.38814867541197,0.13206354781187,18.083329692263,4.31237392670403e-73,1.75920388839728e-72
"FECAFAII_02960",1496.31623660494,0.335466646025516,0.0712013904251581,4.7115181883721,2.4587814756996e-06,3.84736426774323e-06
"FECAFAII_02969",35.6333654464878,-2.91827541917773,0.459077202912006,-6.35682931033517,2.05960630930525e-10,3.63846913118052e-10
"FECAFAII_02970",936.539378623109,-0.386362779678215,0.0943969317092395,-4.09295908969039,4.25902885935585e-05,6.3499051319375e-05
"FECAFAII_02976",3821.0906994048,-0.488937416861544,0.0590408257165628,-8.28134449217877,1.217923018514e-16,2.44093839808102e-16
"FECAFAII_03052",92.9983093709179,2.89074353684727,0.258223880114448,11.194718070095,4.32776709799738e-29,1.06200155066898e-28
"FECAFAII_03053",378.443932888148,3.06072745457404,0.164196431877595,18.6406453512689,1.50415205892785e-77,6.39932148147412e-77
"FECAFAII_03108",16.6490764713961,2.70196316576629,0.57312746337889,4.71441928438882,2.42401067092779e-06,3.79502160565505e-06
"FECAFAII_03112",1058.97735711166,2.60541919044048,0.089926552612515,28.9727462551242,1.45108216843918e-184,1.22026675919037e-183
"FECAFAII_03113",919.494003382059,2.28541391826457,0.111856392178823,20.4316791713693,8.7442603119934e-93,4.24089252230911e-92
"FECAFAII_03114",1703.74361422344,2.31010857538261,0.0753488682581809,30.6588357434525,2.01506464559699e-206,1.88159932491459e-205
"FECAFAII_03115",145.008089252891,2.36848231465047,0.194815651037084,12.157556654417,5.22996274621496e-34,1.38886175975201e-33
"feoB",2152.77472385572,2.8018385142976,0.085918135968377,32.6105598395296,2.90564238680595e-233,3.129823035376e-232
"feuB_1",4893.60155722486,6.11470241309835,0.092782777848765,65.9034203854649,0,0
"ffh",10498.9212090239,0.37602784608829,0.0610637201090307,6.15795836573473,7.36887208111203e-10,1.2789907124489e-09
"fhs1",23941.0763523379,3.63754751112341,0.0660743566517107,55.0523333930825,0,0
"fhuC",6153.61130661761,5.53941704452561,0.0945671812298895,58.576526998933,0,0
"fldH_2",15.1710361027816,3.46664660352684,0.679763246822059,5.09978528514693,3.40038995485314e-07,5.47565594073775e-07
"folA_2",2259.29402679483,-2.71439837947723,0.0758787948329514,-35.7728188152306,2.92350553602167e-280,3.77040444914723e-279
"folT_1",7348.35377195233,7.0098979856648,0.102424322643869,68.4397788017433,0,0
"folT_2",133591.027253712,3.81179858620621,0.0665311631443751,57.2934307180902,0,0
"fra",497.550035887389,2.01636883736103,0.120858775285711,16.683677561636,1.72278836489631e-62,6.40975334727267e-62
"fruA_2",16009.4245880402,-5.52904005006063,0.0629731571168105,-87.799950061336,0,0
"ftsW_1",10574.1130217209,-0.449526334230335,0.0559544556563638,-8.0337897841601,9.45070663408679e-16,1.86805720134939e-15
"ftsY",7719.25278834876,-0.289104835065812,0.0627007746057333,-4.6108654459809,4.00996036114243e-06,6.21036402727282e-06
"gadC_1",3455.02722028403,-4.1988641067567,0.0780832557686608,-53.7741935248804,0,0
"gadC_2",53.0935977853847,-2.28286529097847,0.317839449145609,-7.1824479217891,6.84741482125455e-13,1.27794711394731e-12
"galK_2",2554.40248682101,-2.3187237147651,0.0796817267085372,-29.0998176187449,3.60901132774046e-186,3.06180430046653e-185
"galT",12329.5487504331,-0.240739974517422,0.0680180264310674,-3.53935547896849,0.000401105328061211,0.000570231796096907
"gap_1",32263.0424097112,2.83692932505609,0.0520178934654016,54.5375665191634,0,0
"gatA_3",252.748714294768,-0.494341898421819,0.132929562851923,-3.71882587902958,0.000200150955829127,0.000287961055009789
"gdhIV",6777.56608704269,2.58418444752444,0.0649014953317279,39.8170247744836,0,0
"gla",18312.1331885994,-2.32717145249227,0.0606572822796146,-38.3659037304805,0,0
"glcR_1",10899.966074744,-5.45588852974674,0.0746816034605298,-73.055321216158,0,0
"glcU_1",11986.2920518337,-2.42648102029692,0.073530167308732,-32.9998027899056,8.17545207724783e-239,9.00865907056121e-238
"glcU_2",5426.37004712231,3.1115668779125,0.0665105782433612,46.7830375271633,0,0
"gldA",4254.59385883368,5.60032292226713,0.0905686090781834,61.8351433158551,0,0
"glnA",80234.727696804,0.284296120588591,0.0671656094628612,4.23276320816818,2.30837511316027e-05,3.47950043262523e-05
"glnH",10695.9818874404,-0.27139054087005,0.076184515873462,-3.56227952305708,0.000367648632163474,0.000523444290149579
"glnP_1",15336.8425931195,0.359437419796882,0.0537510428022344,6.68707807436138,2.2767043221717e-11,4.11294072271722e-11
"glnP_2",2263.04282320431,-0.272870225782778,0.0700233267331346,-3.89684750087227,9.74529397172761e-05,0.000142633412023861
"glpE_1",2785.78395246833,0.476985960851548,0.082071719503325,5.81181878164772,6.17977180773787e-09,1.0460873289614e-08
"gltC_1",891.815337666842,-2.04108822923678,0.0997411139625663,-20.4638603695846,4.52129023734692e-93,2.20767923983188e-92
"gltX",29617.8239150788,-0.486845052975475,0.055415243874831,-8.7853994484827,1.55809866859066e-18,3.25897583335763e-18
"glvR",49.1669346178363,2.00921246214845,0.322613346695799,6.2279272780459,4.72646348846714e-10,8.25337522333423e-10
"glyQ",3089.04136969034,-3.23631792601546,0.0714037327230887,-45.3242120907915,0,0
"glyS",14407.0591773511,-2.05558377766936,0.0580228251392178,-35.4271577217632,6.52136185245631e-275,8.26230691086535e-274
"gmk_2",872.287746559801,-4.46966124260284,0.126500697626944,-35.3330955990778,1.82302505787434e-273,2.28952841329546e-272
"gmuE_5",966.9159731521,-2.47288979189211,0.0989831403255557,-24.98293935471,9.37018739226028e-138,6.06951777931094e-137
"gmuR",1304.9940811913,-0.392161172067674,0.0810583456206536,-4.83801105321044,1.31144850136868e-06,2.07010202521202e-06
"gph_1",13233.3082106904,-3.72096647061884,0.0608369051303701,-61.1629809676384,0,0
"gpsA_2",5060.92553635321,-0.310256397898647,0.056348431834896,-5.50603429049659,3.67007073286892e-08,6.07314351422959e-08
"gpsB",9924.27906133357,-0.315980048692367,0.0836284251104417,-3.77838095450292,0.000157851279318616,0.000228245489854368
"greA",21253.9573919332,-2.30216389092858,0.052337953736056,-43.9865093415488,0,0
"groL",52003.5427744205,0.278038119472107,0.050327176370134,5.52461193982472,3.30214648153917e-08,5.47691654031525e-08
"grpE",8480.72443826345,-2.15770183649642,0.0638539111984534,-33.7912243118583,2.65378427779686e-250,3.05291343317751e-249
"gspA_1",4866.83391391791,7.28925737842608,0.123718843551038,58.9179236501593,0,0
"gspA_2",7375.52759037189,7.42180005410276,0.107956079273885,68.7483289873247,0,0
"helD_2",8184.5863858125,-0.267769076853264,0.053228819917199,-5.03052814752979,4.89130569052451e-07,7.81521953663805e-07
"hmuU",9973.13934834295,5.97361863971016,0.094993755149695,62.8843299256534,0,0
"hpf",44855.2225074033,2.4323130187752,0.0596866654312184,40.7513638298013,0,0
"hprK",4320.37104908445,0.429273987637281,0.0830449812515947,5.16917435789099,2.35130453909331e-07,3.79694096262346e-07
"hpt",9969.71451137315,-0.412578111082942,0.0638498325091122,-6.46169449268426,1.03536969444288e-10,1.8415109716869e-10
"hrcA",8480.02610975437,-2.21714900542235,0.0574123026568482,-38.6180122172454,0,0
"hrtA_1",74.0004758580647,-3.38388796530134,0.317715467520259,-10.6506868919926,1.73083147040454e-26,4.08692225688297e-26
"hsdS",3291.46954575178,4.34170397070351,0.0923194451865853,47.0291384651258,0,0
"hslV",4640.13138622454,-2.12282428090775,0.0795651516804794,-26.6803272044609,7.96304913281855e-157,5.85721977135196e-156
"hxlB",703.34769412509,-0.483934086276822,0.112587624267596,-4.29828846131984,1.72122064294144e-05,2.60675648715092e-05
"iadA",9567.42847809007,-0.47869105914402,0.0690971439826472,-6.92779804711229,4.27441335333481e-12,7.86011048861311e-12
"ileS",15292.3158644627,-2.23193617173369,0.0517295230144326,-43.1462739587021,0,0
"ilvE",8765.88177516342,-0.378549229433808,0.0568984805559966,-6.65306394361901,2.87053402804474e-11,5.17920694144083e-11
"infA",26743.6257253924,-2.65037276719262,0.0713291697432483,-37.1569271972844,3.38859080651373e-302,4.82454809877896e-301
"Int-Tn_2",3106.96859550999,0.335360562042527,0.0623608278540651,5.37774390723818,7.54249961382329e-08,1.23391518141955e-07
"intQ_2",829.40822988208,-0.394654232098813,0.0870281361986781,-4.53478896983212,5.76611081003704e-06,8.88234316532754e-06
"kfoC",22958.1878262471,-2.04113126895319,0.0507617220399013,-40.2100477865734,0,0
"ktrA",11419.0495086477,0.352473353575901,0.0588499037623355,5.98936159690862,2.10666316836828e-09,3.60640670965904e-09
"lacC_2",17765.2868754275,-6.07715136483351,0.101269803966159,-60.009510503884,0,0
"lacF_1",276.364491795609,2.00493833272869,0.14967355479831,13.3954079959577,6.43216004001433e-41,1.86668943239972e-40
"lacS",1638.96204922891,-6.08094684074269,0.153543161695753,-39.6041528231139,0,0
"levD_1",1088.40242279218,4.10085567528736,0.112340185051145,36.5039070695883,9.61449431902761e-292,1.31672788864397e-290
"lgt",2852.83033758994,0.250866428251023,0.0660505266939553,3.79809883142055,0.000145810187351879,0.00021104685396276
"lhpI",171.976001813942,-2.23014909406943,0.181448633895057,-12.2908012377721,1.01495022738984e-34,2.71282235499365e-34
"licA_2",5829.65791104876,5.61289665235156,0.190510265215522,29.4624368193585,8.72423591665576e-191,7.60330378675817e-190
"licH",1086.05313035395,2.25749541512159,0.0871014148113234,25.9180108613817,4.17342738944339e-148,2.9132954301066e-147
"licR_1",1075.75648963094,4.25879259918986,0.14884178622006,28.6128828962944,4.64558243933966e-180,3.79565201577865e-179
"licT_1",4420.19322731463,2.02007761930847,0.0913344542539538,22.1173667244091,2.15124394228142e-108,1.18297850439797e-107
"licT_4",4134.15552860193,0.241263854739076,0.0615665765917265,3.91874728294537,8.90103800503828e-05,0.000130475969941336
"lon",5138.27123269014,-0.285874564734526,0.0585512005153177,-4.88247144752802,1.04764412755036e-06,1.66098374356936e-06
"lsrC_2",3433.86411675539,2.5658806874275,0.0652181351148896,39.3430551626077,0,0
"ltaS1_1",2637.30624286965,-0.490399109948384,0.069402006720628,-7.06606527852206,1.59388459397324e-12,2.9517141611507e-12
"luxA",887.457913146832,2.28004238080374,0.105312037917273,21.6503490569123,6.03217395713898e-104,3.22463425664158e-103
"lysA",7112.77605081928,3.48660175998724,0.0760406294073557,45.851826676884,0,0
"lytR_1",15049.4062075745,0.248247445991512,0.0538520265199706,4.60980694755195,4.03043058948668e-06,6.23870741408165e-06
"malF",94.7364776902669,2.97421891786411,0.275701376729419,10.7878275877566,3.92968852206415e-27,9.37129700618283e-27
"manP",4810.5720790414,3.0934262666588,0.0914716346388071,33.8184211845975,1.0573841381416e-250,1.22129991216677e-249
"manR_3",2043.66231507248,0.486438079556231,0.071447372056174,6.80834109858904,9.87305561392987e-12,1.80170735695827e-11
"manX_3",34.2221957508203,4.36883532339974,0.575035556685768,7.59750466315444,3.01895344269113e-14,5.79993994734783e-14
"manX_6",502.875457444674,5.07271787333592,0.179853527074741,28.2047172265232,5.11829118572059e-175,4.10033577998117e-174
"manZ_5",12704.1181114857,0.475303408587245,0.0631781415225321,7.52322555132032,5.34411125978159e-14,1.01785854192926e-13
"manZ_7",948.13159091886,2.943344147701,0.102104371535516,28.8268181218587,9.89523392800362e-183,8.22505571587816e-182
"marR",20754.3822447906,-4.49892761390715,0.0674052321223168,-66.7444866259517,0,0
"mazF",699.017039536041,-0.406435876315883,0.0938390819721891,-4.33120047398096,1.48298581387947e-05,2.25069509272684e-05
"mccF",546.634632806699,0.454389706600548,0.104118506114202,4.36415891428708,1.27612788359192e-05,1.93879756640801e-05
"mdxE",1083.01839424538,4.18152366498822,0.143097729439183,29.2214536273644,1.03548937288113e-187,8.8897535415108e-187
"mepM_1",441.502238087428,4.68170854735572,0.178071739137709,26.2911373249137,2.42181788760786e-152,1.71555375486705e-151
"metN2",2429.58503550158,-2.38883727926767,0.0759323256085044,-31.4600831743803,3.05576443655838e-217,3.05152031928538e-216
"metQ_2",5584.35239899103,-0.239094238472607,0.0619386860752774,-3.8601761455195,0.000113305318495771,0.000165246498982676
"mgsA",825.89345047853,2.29184757590722,0.0934408247428144,24.5272618495746,7.56323077445697e-133,4.78062674886555e-132
"mgtA",2687.27458834164,-2.20243378754233,0.069645166552223,-31.6236416189895,1.74732655805953e-219,1.77572833250149e-218
"mraZ",7471.49928687377,0.361317838254904,0.0681431037619517,5.30233902343393,1.14328268021286e-07,1.86188051432173e-07
"mreC",10970.6811885823,0.242944095381839,0.0604804497419826,4.01690292347807,5.89680007411087e-05,8.73285119111373e-05
"mro_2",329.381015167896,-2.17160129030639,0.166082928690638,-13.0754033989334,4.55142986455616e-39,1.28711035304459e-38
"msrA_1",1528.89468507049,3.55820852852649,0.112694694377889,31.5738779733061,8.43279395805111e-219,8.50972470994912e-218
"msrA_2",4163.13689011724,0.229258660225835,0.057732841817225,3.9710267676003,7.15635372598016e-05,0.000105601197105792
"msrC",1980.84612984818,0.301994590752972,0.0658402341039609,4.58677881181477,4.50137134990466e-06,6.95644492333466e-06
"msrR_1",7349.76105402991,-0.391972445053094,0.0688480318521479,-5.69329920563103,1.24607739814429e-08,2.08963183502214e-08
"msrR_2",423.706305334897,0.403145333967802,0.106019290260284,3.80256586304298,0.000143205178040544,0.000207380710999297
"mtlA_1",34.3191350241182,4.3731940204081,0.568989984183619,7.68588928095583,1.51937866577127e-14,2.93270674010616e-14
"murJ_3",7271.6196185772,-2.52630016558686,0.0622026950892642,-40.6139985086093,0,0
"nadD",13566.0043178887,-2.67866711386925,0.0761049550542389,-35.1970132819894,2.22138315023294e-271,2.76567010392637e-270
"nadE",10557.3730135006,0.227021627234266,0.0661859911190626,3.43005556607704,0.000603457656512373,0.000851591864636695
"nagA",12188.5352057524,-0.498635453417903,0.0532280950055797,-9.36789966587443,7.39901804392774e-21,1.60965021893617e-20
"nanE_1",653.429249143499,-2.20762530392463,0.134454535948566,-16.4191210683226,1.39573860256554e-60,5.10705371625762e-60
"natA_1",113.667862771128,-2.22505951361454,0.21757677448659,-10.2265488532264,1.50797789273341e-24,3.4723334023229e-24
"ndk",5717.37020088647,2.4942775835657,0.0649684660552854,38.3921267502787,0,0
"ndvA",587.350367524529,0.335474199021524,0.0978013248041615,3.43016006882608,0.000603225280340477,0.000851591864636695
"nfo_2",3680.29323232853,-2.69412502902039,0.0739139835786029,-36.4494632623252,7.01539232229917e-291,9.56221247342769e-290
"nhaC_3",323.084961889208,-3.27443003737713,0.177971826071624,-18.398586504694,1.34836326575927e-75,5.5877417180456e-75
"nhaC_4",376.601129310072,-3.23610747397825,0.15157660321023,-21.34965031173,3.9286720147576e-101,2.05433831171688e-100
"nhaK",6278.09380141313,-2.07853768155031,0.0696210160914426,-29.8550322623888,7.55295570789665e-196,6.74605609189775e-195
"niaX",19083.0733937359,5.63341652098951,0.095803016487773,58.8020787603121,0,0
"nlhH",8676.7200583952,2.10867268615157,0.0681540613843276,30.9397949780359,3.48523820652237e-210,3.29721877695998e-209
"norG",974.421520604738,0.318193416134546,0.0910196003403498,3.49587797512541,0.000472504724910808,0.00067041124264602
"nrdD",13760.3831388247,-0.285480341343413,0.0653962688263305,-4.36539188652412,1.26895052942238e-05,1.92891211554903e-05
"nrnA",3673.83054003682,0.30860644770173,0.0667631221707516,4.62240886387018,3.79309470440133e-06,5.8776618372081e-06
"nth",3817.05242298687,0.481435304450101,0.0770780404421699,6.24607607676939,4.20892232143754e-10,7.35410728824689e-10
"ntpB",23842.2534901991,0.397319601096289,0.0660312282326261,6.01714691261753,1.77517962803201e-09,3.05165368213991e-09
"ntpC",11297.3493638213,0.481050267177578,0.0647869292773442,7.42511294397464,1.12683718884248e-13,2.12929287458014e-13
"ntpG",2979.35010103172,0.340035357271937,0.064947389216705,5.23555082618282,1.64493549185671e-07,2.66977114818279e-07
"ntpK",2014.6328592324,0.277412468192205,0.072220129805607,3.84120700058153,0.000122430813504616,0.000177923708761635
"nupC",3588.0339064033,-3.21334937686397,0.068422334547168,-46.9634571537281,0,0
"oatA",32639.7530328186,0.443111668533756,0.049083210870376,9.02776449780294,1.75214413924135e-19,3.729953030687e-19
"ohrB_1",10650.5981535955,3.14406133307889,0.0846958892777258,37.121770134194,1.25167760186844e-301,1.77331270097224e-300
"ohrB_2",35223.3740143904,5.33869970697991,0.0641192852587901,83.2619965339996,0,0
"ohrR",1677.14034210352,-0.478431874080316,0.070124943194382,-6.82256344585025,8.94301111548481e-12,1.633022220199e-11
"oppB",13378.1781846702,7.14920463415722,0.0872577930949729,81.9319900329808,0,0
"oppD_2",24278.1844789913,6.41520700421268,0.07552938751793,84.9365685997356,0,0
"oppF_2",20772.823908119,6.41443564166025,0.0750013987792997,85.5242134954771,0,0
"opuAA",8288.87097979467,-0.439538212656272,0.0723029248813133,-6.07912077385227,1.2084331737988e-09,2.0836054003869e-09
"panT_1",3405.93529346031,0.39425242121418,0.0627177259422231,6.28614024649705,3.25455955430909e-10,5.70043439597622e-10
"patB",1829.84181323525,0.365344489873681,0.0770424134329575,4.74212156128267,2.11491650101765e-06,3.32195513758972e-06
"pbpF",7834.62503212564,-0.341896745823462,0.0573888965564011,-5.95754172564461,2.56060349118308e-09,4.37569556782087e-09
"pbpX_1",922.579417195584,-2.70261540492197,0.10203927407267,-26.4860312804383,1.40403263515629e-154,1.00949946467737e-153
"pbuG",4676.09096753755,-2.75137698637459,0.0658543301579699,-41.7797429534951,0,0
"pbuO",26784.381234046,4.66450037547047,0.0774249543152864,60.2454391703726,0,0
"pcp",4241.24898864583,-0.478147775362931,0.0632970982222281,-7.55402362497275,4.22013578970838e-14,8.06452526990119e-14
"pcrA",9003.09064147038,-0.455176435030189,0.0535970753788012,-8.49256105511723,2.02132556932583e-17,4.12293073573127e-17
"pdp",11479.2474448452,-2.03272732274866,0.0706272546099273,-28.7810609937392,3.70261173572769e-182,3.05120669110396e-181
"pemK",8673.66508077378,2.61489880339437,0.0754681045263416,34.6490589608178,4.6151431400308e-263,5.53047986280358e-262
"penA",15242.1780104085,0.287631009219271,0.0518325232528746,5.54923802987575,2.86917322366285e-08,4.76428532982354e-08
"pepC",13109.8757213383,2.64306915733436,0.0595590665905205,44.3772763516585,0,0
"perR",2513.41860043075,-0.38583967386373,0.0833903655175173,-4.62690949331166,3.71162612510529e-06,5.75452115137618e-06
"pfkB",65.3560665465767,2.50327647849489,0.309249823443784,8.09467391320902,5.74179552110778e-16,1.14121658042197e-15
"pgl_2",2120.03617096946,0.321375203085799,0.0769243215659495,4.177810041656,2.94329305521232e-05,4.41570726488818e-05
"pgpH",17282.6421978095,0.43357488249872,0.0602859194983008,7.19197593910699,6.38602861768782e-13,1.19493938220365e-12
"pgsA",6469.78211738045,-0.493601677151133,0.0570742461311569,-8.64841343706643,5.22203410645335e-18,1.07737231636728e-17
"pheS",6648.22964836796,-2.86116275832707,0.0608242674111393,-47.0398227567157,0,0
"phoR_2",2204.02132559077,-0.253753828149143,0.0743861193189623,-3.4113061747591,0.000646524488541617,0.00091102617787638
"phoR_3",3129.5477942213,0.373588736432398,0.0601353938400495,6.21246012666158,5.21614191823893e-10,9.09740700840216e-10
"plsC",2661.97013713042,-0.329433978871936,0.0654125304164412,-5.03625187367976,4.74735799111082e-07,7.59788624509445e-07
"pncB2",9360.0129573229,-0.455326750003041,0.0640523067599983,-7.10867060118746,1.1716600771515e-12,2.17680515625821e-12
"pnp",44163.4548019853,0.283655585147817,0.0527917595773727,5.37310344301151,7.73928997123699e-08,1.26538930968036e-07
"pnuC",2922.23506681497,-2.0091843001238,0.0639107434340165,-31.4373482792944,6.25095657374865e-217,6.22067512321838e-216
"polC_1",18199.6705620317,-0.435710681948666,0.0517669617384408,-8.41677137920804,3.87001873663736e-17,7.8381506243444e-17
"por_2",11394.4015618758,-0.266159749915912,0.0715577687234155,-3.71950879218538,0.000199610599364764,0.000287327369255786
"potB",1151.40484879837,-0.375488949747972,0.0854694043260298,-4.39325572359952,1.11665646600776e-05,1.70190990791644e-05
"potD",3622.53088236524,-0.429440113774513,0.0774905177386086,-5.54184081235724,2.99308346068842e-08,4.9671713981188e-08
"ppnKA",3104.48540800868,0.464757858067149,0.0708923127915714,6.55582868954454,5.53337248435517e-11,9.87832356611141e-11
"prfB",5284.45435132894,-0.296652468496176,0.0699583457114941,-4.24041571422458,2.23106200478462e-05,3.36649230102863e-05
"prkC",31490.7437456251,-0.326666413077798,0.0492086965666533,-6.6383878434034,3.17132513752972e-11,5.711165369778e-11
"prmC_1",8106.28348926176,-3.54172797747297,0.0654918021091211,-54.0789513101474,0,0
"proA",7746.04607051793,-0.286148977475589,0.0611973679144326,-4.67583798498799,2.92755673733706e-06,4.56844990590418e-06
"prs2",14874.4962378125,0.290536397390569,0.068837888209038,4.22058847169027,2.43665403406142e-05,3.66901413715217e-05
"prsA_1",15526.3381589963,-2.66189097291242,0.0594101498596588,-44.8053233193394,0,0
"prsA_3",1639.85328586688,-2.49779145051334,0.089677039212527,-27.8531882012048,9.85501794759404e-171,7.74399770963947e-170
"pspB_3",2190.7500405977,0.42099002096665,0.0716808174286961,5.87311970019631,4.2766943551471e-09,7.26507558499886e-09
"pstS1_2",2336.72384212344,0.464038353194104,0.0766483598118749,6.05411980547314,1.41187506877316e-09,2.43001358335824e-09
"ptsG_2",1711.30148671153,-2.58469442226909,0.0830657961905786,-31.11623003455,1.45296000937726e-212,1.39756287189599e-211
"ptsG_3",41.2925990996717,2.05011268425314,0.337372724635244,6.07669955082958,1.22681311809764e-09,2.11402907588305e-09
"purB",55202.335909771,3.70307257830481,0.0580326949494144,63.8101087935462,0,0
"purC",36475.8063878619,8.97899743512569,0.389402027495747,23.0584249724374,1.21079864896933e-117,7.03486245340563e-117
"purD",71766.1200571918,8.23446137904412,0.274126486039749,30.0389119563226,3.04756378789481e-198,2.75622435659921e-197
"purE",6031.88936050493,5.65865506486338,0.0916495253305582,61.7423281184921,0,0
"purF",49769.7818359879,8.7793612294265,0.357370247328823,24.566570090958,2.87716740909839e-133,1.8226285173055e-132
"purH",63765.2782516407,8.32450460743678,0.276691373938037,30.0858840987974,7.41328242370439e-199,6.72574140396651e-198
"purK",19680.3540490823,3.45178059377032,0.0560961588198571,61.5332790406399,0,0
"purL",106898.073936374,8.89106604671476,0.431672440538755,20.5967887030688,2.93256152487264e-94,1.45164319200236e-93
"purM",44051.9895424316,8.3916831387732,0.252373045266137,33.2511070265996,1.96747584351029e-242,2.21900412781788e-241
"purN",15837.7965523024,8.21856677758782,0.308013743030746,26.68246779095,7.52039106963354e-157,5.55121026329257e-156
"purQ",34653.2297582615,9.12851830586955,0.518810440092057,17.5950936998295,2.68611090197455e-69,1.06520046210614e-68
"purS",8902.6735413912,9.46002635034004,0.1720591163031,54.9812561728795,0,0
"puuR",684.913231209147,-2.22977806845428,0.105888609858132,-21.0577707219095,1.9409579720852e-98,9.91508903679757e-98
"pyrG",8215.11866301595,-2.35345836844637,0.0579218398996269,-40.6316231066674,0,0
"qorB",285.684610857609,0.449085864128163,0.1298438241329,3.45866172016397,0.000542866258649295,0.000768348110174888
"rbfA",12918.6709790151,-0.368262126551029,0.0645780473428302,-5.70258999309795,1.18000576217495e-08,1.98114219031824e-08
"rbn_1",5139.66224966431,0.426027031563752,0.0653298413015593,6.52117046476865,6.97608462010914e-11,1.24307431024993e-10
"rbsD",651.606061277179,3.75721694645257,0.157023948852075,23.9276681927804,1.57854458994511e-126,9.70062871940628e-126
"rclA",3850.98950829558,4.21067941067108,0.0873618555726646,48.1981453240629,0,0
"recN",19251.8737826269,0.455456360576844,0.0509698887446395,8.93579271594436,4.04269245021537e-19,8.52403481438372e-19
"recO",1480.90189915353,-0.320480838894929,0.0770545125350106,-4.15914432979269,3.19442012301381e-05,4.78746861583519e-05
"recR",7743.40103668667,-0.445879236805615,0.0608045872862778,-7.33298681407611,2.25079090023893e-13,4.2364362755806e-13
"rex_2",768.799801479675,2.49946590452143,0.109120028793025,22.905656570732,4.08061253762921e-116,2.33316931574982e-115
"ribZ_1",382.496145316837,-2.45589344302623,0.154596989664153,-15.8857779078456,7.95054695513264e-57,2.77497245667008e-56
"rimI_1",2434.0559925449,-2.19625687625387,0.0823109726472899,-26.6824313407768,7.52771906357477e-157,5.55121026329257e-156
"rimP",6982.751499189,-2.03303061338421,0.0618357942358662,-32.8778927885915,4.55049091418128e-237,4.97612618600204e-236
"rlmCD_2",6064.99571875486,-2.32865850676953,0.0606205655301295,-38.4136717697256,0,0
"rlmI",2604.96217712781,-0.334554253717677,0.0655973112193067,-5.10012144551453,3.39435616505766e-07,5.46900186594165e-07
"rluB_2",6841.63372515567,-0.350926732366775,0.0609017134173542,-5.7621815984372,8.30335862450281e-09,1.39815336089403e-08
"rluD_3",8692.91608437069,0.331708287185741,0.0623806284519835,5.3174887047037,1.05209213491012e-07,1.71531574830018e-07
"rnj1",20783.8406354644,-0.31761322959431,0.0543622270634748,-5.84253528140884,5.14122931785638e-09,8.71826386683664e-09
"rnj2",26510.2417097989,0.384563278597524,0.0582864312478098,6.59781822912644,4.17252388009398e-11,7.49542703257357e-11
"rplA",51277.0703072652,-2.55933250860779,0.0577512612540274,-44.3164781691985,0,0
"rplB",65370.5121232815,-2.23102133884723,0.061101045516853,-36.5136360593349,6.73833077842009e-292,9.27245900417998e-291
"rplC",70115.3693145008,-2.14573748388138,0.0844372054069685,-25.4122276257179,1.84755358723051e-142,1.24439440676228e-141
"rplD",40601.5595205052,-2.16352902680486,0.0639630798452555,-33.8246537227264,8.56261110035213e-251,9.92986674379545e-250
"rplE",44690.8462413136,-2.60991682645752,0.0548588864783157,-47.575096652557,0,0
"rplF",51299.4266097581,-2.33851874866624,0.050550974094075,-46.2606070520872,0,0
"rplI",4779.76927316277,-0.29993546046018,0.0592805145084296,-5.05959610754609,4.20145471461599e-07,6.74672460035487e-07
"rplJ",212540.2515395,-2.93468280188271,0.0776164171334264,-37.8100782059786,0,0
"rplK",62435.0328843215,-2.64362726607687,0.0554491219990485,-47.6766298684086,0,0
"rplL",103830.342946524,-3.11771356122311,0.048437663324257,-64.3654822973634,0,0
"rplM",55705.6125846512,-4.07378377358919,0.0606444329504903,-67.1749009000545,0,0
"rplN",41125.975971684,-2.58947023712058,0.0521251656568702,-49.6779282039419,0,0
"rplO",60062.0019526777,-2.779154355436,0.0706667053789412,-39.3276344288748,0,0
"rplP",48962.7169512113,-2.40824001057846,0.0696425553611481,-34.5800064068579,5.04789468287332e-262,6.02396062570277e-261
"rplQ",112538.659979898,-2.30661087519239,0.0555999221980823,-41.485865159573,0,0
"rplR",50796.9062782826,-2.61855201775857,0.0554778464952885,-47.1999578783388,0,0
"rplT",26054.6101842363,-2.27942435848138,0.0586253564840987,-38.8812025236835,0,0
"rplU",72012.1750652138,-2.45911878307954,0.0589003183885575,-41.7505176603132,0,0
"rplV",35294.7189304758,-2.48770285031451,0.0595806434736396,-41.7535411717255,0,0
"rplW",25105.007049302,-2.03005316908829,0.0553563858430044,-36.6724297147163,2.00954427535123e-294,2.77858141149526e-293
"rplX",78806.6473726262,-2.56836733863176,0.0607956379817456,-42.2459147382076,0,0
"rpmC",20837.4651477057,-2.53511568060781,0.0964036839569411,-26.2968755606904,2.0821887749538e-152,1.47861109055978e-151
"rpmD",17479.5255164629,-2.61968884677158,0.0587222093945696,-44.6115511282829,0,0
"rpmE2",30746.8670013106,-2.12290111839562,0.0765717819931763,-27.7243269405014,3.55491146056095e-169,2.77071147983016e-168
"rpmGA_2",2005.55232411449,-2.93083574081983,0.107588258829938,-27.2412229056754,2.11148541289313e-163,1.60651641467742e-162
"rpmH",1470.00243874958,-2.21654193808868,0.121794634987369,-18.1990112973248,5.25476524882157e-74,2.16204647433631e-73
"rpmI",16257.6142784106,-2.09784428178855,0.0531426536361742,-39.4757156116221,0,0
"rpmJ",42569.6990517134,-2.68852595919731,0.0634606898077666,-42.3652180167174,0,0
"rpoA",100335.321754624,-2.40318826379262,0.0762904635840597,-31.5005067592059,8.54876639947951e-218,8.56663838498365e-217
"rpoN1",3313.84482143384,2.10142009863742,0.0707321829315993,29.7095326560127,5.78317972601737e-194,5.07086124756889e-193
"rpsA",6457.32974356273,-0.237054211150222,0.0579861868190353,-4.08811519008874,4.34892208153214e-05,6.47721383039174e-05
"rpsB",55798.6411468833,-2.81939568788578,0.0589101596530358,-47.8592437109528,0,0
"rpsC",93150.4463604854,-2.3618019745488,0.0756692945938576,-31.2121579463028,7.28767930134827e-214,7.10486971887377e-213
"rpsD",50831.6854244479,-2.27816892079861,0.0710018598567025,-32.0860457091753,6.90250805335661e-226,7.24511429250131e-225
"rpsE",72447.9677806766,-2.50220610397306,0.054959043999826,-45.5285594847861,0,0
"rpsG",72540.6804737336,-2.0605358255458,0.0546797155335306,-37.6837334547258,0,0
"rpsH",51360.9445527195,-2.71782093780915,0.0677735790118831,-40.1014816899757,0,0
"rpsI",59421.18978226,-3.14729810364638,0.0557674009462445,-56.4361625294342,0,0
"rpsJ",14744.8526011048,-2.55367352842203,0.0609960038790226,-41.8662431310566,0,0
"rpsK",38062.2298777137,-2.55429839471541,0.0667788463704095,-38.2501126261932,0,0
"rpsL",68640.8131636202,-2.33956820139905,0.0508484261588931,-46.0106315599283,0,0
"rpsM",38376.6754482635,-2.3668439964156,0.0513325389468568,-46.10806410464,0,0
"rpsN1",34084.6579672363,-2.81731201711192,0.0695872909366923,-40.486013741719,0,0
"rpsP",24586.962586434,-2.08569905376956,0.0954715563363282,-21.8462873530839,8.43152390327547e-106,4.54102298610866e-105
"rpsQ",69534.7588171538,-2.5992440278394,0.060265553614679,-43.1298456902633,0,0
"rpsS",34180.0590981952,-2.63917907113123,0.055981774318346,-47.1435409696605,0,0
"rpsT",11798.2452412082,-2.46949935821758,0.082452708064064,-29.9504942433041,4.33517394004049e-197,3.89623757861139e-196
"rsfS",9558.98747167279,-2.62416871342509,0.0587389092123626,-44.6751352487286,0,0
"rsmA_1",8535.69543136453,-2.05365176754533,0.0578232200565414,-35.5160395000003,2.77982453246342e-276,3.53751121918796e-275
"rsmB",10947.5706191641,-0.447368715698687,0.0581803630486426,-7.68934211229754,1.47893517000049e-14,2.85847953556546e-14
"rsmC",2571.11948650819,-0.452367600436803,0.0762471542744175,-5.93291126392349,2.9760971702682e-09,5.07365468979926e-09
"ruvB",9290.23901962696,-0.393239602680652,0.0653713581756895,-6.01547242790637,1.79362831230425e-09,3.08152629999225e-09
"sacY",1233.21436562558,-2.47756222760115,0.0926890519943518,-26.7298259534699,2.1193209456538e-157,1.57091934012895e-156
"scpA",4843.54256740225,-0.300616470145134,0.0731457474437845,-4.10982839947285,3.95953247095869e-05,5.90950461156056e-05
"scpB",4194.85258491476,-0.358828614442185,0.0866216679125718,-4.1424810106907,3.43568823104979e-05,5.13834599713946e-05
"scrB_2",8880.77245929998,-2.91823321507487,0.0578347408739159,-50.4581359054904,0,0
"secY",166234.592649131,-2.75282058145463,0.0560458536661039,-49.1172923844591,0,0
"sigH",95.9753689970679,-3.19150269714092,0.272388488724424,-11.7167311735034,1.04631851794081e-31,2.66774118581363e-31
"sipV",6329.75637661643,0.265539673644554,0.0651221611512157,4.07756236817698,4.55103243949219e-05,6.77122053594389e-05
"smc_3",1526.74099906261,0.339492633960306,0.0715348253119899,4.74583718461116,2.07645691863315e-06,3.26332792239832e-06
"smc_5",17684.5389092669,0.479874455667929,0.0548865391659256,8.74302630408592,2.26947819872413e-18,4.72972413009464e-18
"smc_6",1145.75891896178,4.40752429633871,0.114004576907782,38.6609416559122,0,0
"smpB",2279.51214594919,0.295124401093358,0.0744497991625339,3.96407249466264,7.36818605509799e-05,0.000108504368123204
"soj_2",3682.8312935294,0.377926357103857,0.0618505526999954,6.11031495445124,9.94347102341799e-10,1.72066321680807e-09
"sorA_4",1054.84935949632,4.18486070747812,0.12875473367114,32.5025774832241,9.80522038718398e-232,1.04832021686026e-230
"sorC_2",2049.74192253256,3.77253600469685,0.102660540384161,36.7476733570643,1.26648890262554e-295,1.75962419514543e-294
"soxS",433.69513749723,0.448010159389881,0.113599203090777,3.94377906887143,8.02075554569717e-05,0.000117752388715799
"spoIIIE",11311.6139857223,-0.374427302528656,0.0672143067682967,-5.57064887717125,2.53792343005103e-08,4.22399756066364e-08
"spsB",1954.88297950679,0.283609549365823,0.0668958772501541,4.23956693631924,2.23951409421173e-05,3.3774737991363e-05
"spxA_1",1738.41082438447,3.66421278028667,0.08721461942474,42.0137449943082,0,0
"spxA_2",2969.44760210593,3.5856046715902,0.0790217376334212,45.3749155482215,0,0
"spxA_3",30926.2901020993,2.16782155232722,0.0596165041851474,36.3627754085471,1.65083687690345e-289,2.23953153678033e-288
"steT_2",3317.24650611472,-0.490007513458455,0.0746984644108841,-6.55980704988973,5.38774461528278e-11,9.6362894984784e-11
"sttH",260.710845667057,-2.63497109340657,0.159066341933264,-16.5652334829707,1.24296718624931e-61,4.58304311237566e-61
"tadA_1",992.024909614562,-0.360209326424058,0.0904657702625857,-3.98171955402044,6.84184800594822e-05,0.000101063969517756
"tag",727.156849345957,-0.33918392598313,0.0947122882070107,-3.58120295058,0.000342015844021235,0.00048743189663284
"tagG",2629.68224675317,-2.89077486381639,0.0889408887637572,-32.5022034746561,9.92525574862574e-232,1.05722353826102e-230
"tagH",6310.45522004211,-2.13302130958031,0.0575654701959688,-37.053832832754,1.55795479497672e-300,2.19641077958483e-299
"tgt",2144.51518865066,-2.19280172175166,0.0827387424101533,-26.5027199819099,9.01733470513703e-155,6.49971293533185e-154
"thyA",3431.3122640785,-0.263318907307089,0.0648348658388767,-4.06137814739175,4.87838788846364e-05,7.24328526960322e-05
"tig",50084.4735864151,-2.14272675559894,0.0479054601050387,-44.7282366331675,0,0
"tlyA",5375.19148050449,0.379539072607314,0.062103357856562,6.11140984492212,9.8754786128059e-10,1.70992633897831e-09
"tmk",9951.93912729481,-0.23406928819753,0.0555383571367163,-4.21455189287166,2.50274604732342e-05,3.76459081176891e-05
"topA",13183.257099387,-2.35291868826762,0.0558945418600254,-42.0956789333733,0,0
"topB_1",12570.318719629,0.494068860127123,0.0567783258554221,8.70171588688964,3.26903177347432e-18,6.77846819070811e-18
"tqsA_3",6513.24526989664,0.28849717388413,0.0578703375622161,4.98523399097108,6.18868704238185e-07,9.86622169284379e-07
"treA",5268.35732066109,-2.79316981242113,0.0613672219871068,-45.5156632804393,0,0
"treB",2971.99025758411,-2.69017026610414,0.0862886822599423,-31.1763975952266,2.22612502780742e-213,2.16295120945072e-212
"treP_3",4560.95687473652,-5.33286727779786,0.207326381125849,-25.7220873139186,6.61863080282817e-146,4.5538713370655e-145
"trxA_2",411.472173211828,2.28803348233497,0.142389219756899,16.0688673358933,4.21721761789741e-58,1.49737257642876e-57
"trxB",7100.88289622512,-0.292237606630925,0.061795110691188,-4.72913800723393,2.25475084303818e-06,3.53580339399008e-06
"tsaB",1501.9102407157,-2.16490833618965,0.0902924875189344,-23.9766163905459,4.87752369236313e-127,3.00380259940821e-126
"tsf",66644.8676224031,-2.20744800299947,0.0579573689852158,-38.0874432647653,0,0
"tuf_2",40818.5254938871,2.87912682766904,0.0747027200839843,38.5411243985787,0,0
"ubiE_2",3395.9912907251,0.480421527983046,0.0709129963867004,6.77480225716634,1.24576529737083e-11,2.26617393753226e-11
"ulaB_1",18.0694826403187,-2.06006653286374,0.539176846314101,-3.82076223589103,0.000133039863107916,0.000193048762007249
"ulaC",4366.46995931503,4.83899072630216,0.097476452741195,49.6426633327531,0,0
"uvrC_1",882.4554137529,0.395896878559401,0.0828551027637383,4.77818342327452,1.76885986785593e-06,2.78447782154004e-06
"uvrC_2",4298.31449266802,0.230862039007173,0.0600388471745986,3.84521105703119,0.000120448720686719,0.000175308967963059
"vioD",3582.85115217336,4.98454940135512,0.0916423589341764,54.3913257943889,0,0
"walK_2",8783.05116747128,-0.429017485735594,0.0584064491943151,-7.34537866372044,2.05177387053269e-13,3.86437567233269e-13
"whiA",4758.64195742127,0.351302610528877,0.0622664712546339,5.64192258610982,1.681617110701e-08,2.81018640928302e-08
"xerC_1",2911.54620736464,-2.080490884747,0.0663562180667199,-31.3533674064291,8.75328022680834e-216,8.65100822415835e-215
"xerC_2",89.3763078025709,-2.04603534817864,0.243412619888445,-8.40562559622556,4.25586825651254e-17,8.61356587313867e-17
"xerD_3",6713.44301169927,-0.358462463633474,0.0619194262479246,-5.78917611733344,7.07325037622706e-09,1.195924049502e-08
"xerD_4",780.031315464758,0.383088863291169,0.103784977996009,3.69117834476873,0.000223217550410488,0.000320506078372723
"xerS_1",1687.97428281789,2.14167229587306,0.0740665790410531,28.9155017499322,7.623036064732e-184,6.35473962961427e-183
"xpkA_1",2225.35658938473,2.6315243454374,0.0751763659888507,35.0046761481884,1.90988177675882e-268,2.34735897006767e-267
"xpkA_2",4747.8921893916,2.57239345426473,0.0631614870820571,40.7272465089805,0,0
"xpkA_3",1186.80343403549,2.40151611264724,0.0837099828013644,28.6885271299816,5.30477518231297e-181,4.35900954980917e-180
"xseB",1330.62845335194,0.389440307702824,0.0880583739935427,4.4225244010454,9.7554327616849e-06,1.48999599695198e-05
"yacL",7445.058553784,0.270941566504082,0.0557412007552957,4.86070559716711,1.16968094270062e-06,1.85038635379922e-06
"yadH",865.748882261513,-0.367980757065067,0.0903900249530556,-4.07103280761544,4.68051562785526e-05,6.95667335695697e-05
"ybbH_1",1919.45936897702,0.415133947360785,0.0753790067937994,5.50728863404093,3.64402527353676e-08,6.03351565152085e-08
"ybbH_2",607.258532963238,-2.29124050320813,0.122003242304166,-18.780160755858,1.09747311135271e-78,4.6899445293468e-78
"ybiT_1",12554.1294691568,-2.09117374849865,0.0525600446658558,-39.7863769293393,0,0
"ybiT_3",2824.33868235164,-2.5434679115454,0.0673335307315701,-37.7741651731456,0,0
"yclM",8500.83227511721,2.25989434267401,0.0794511635880982,28.4438168129301,5.81147687898737e-178,4.72141454914341e-177
"yclQ",19359.1340957602,6.01689607551668,0.0829711089240308,72.517966236004,0,0
"ydbD",1183.29366794574,4.05131911745088,0.114039248471489,35.5256560504585,1.97492313900386e-276,2.5243906434556e-275
"ydcP_1",5630.41381671069,-2.10461592119802,0.074710849110415,-28.1701512733125,1.35768941184497e-174,1.08163843447815e-173
"ydcV",1625.75865410115,-0.488141101769305,0.0845423686863672,-5.7739227011748,7.74469766726266e-09,1.30637832792067e-08
"ydeA",1785.59397978702,3.37468127962013,0.0991480639272836,34.0367844408456,6.36727485078887e-254,7.5050337995364e-253
"ydfK",214.223886995512,-3.55862532554049,0.196316743745122,-18.1269577808435,1.95267554794562e-73,7.97712340325512e-73
"ydhF",63477.5872349655,5.80021150399314,0.0867876969770581,66.832185966709,0,0
"yecD_1",2970.18927065277,-0.415910379657382,0.0894105550001791,-4.6516921817178,3.2922225807702e-06,5.12916150720212e-06
"yecD_2",2962.31454189431,4.32642533421493,0.0935616034918192,46.2414620180513,0,0
"yfiY",7454.01670535827,3.81144390243343,0.0606556475600341,62.8374117786977,0,0
"yfmO_2",20.3290693507064,-4.80261164342883,0.818333596735432,-5.86876997667923,4.3904003931466e-09,7.44943453138031e-09
"ygaZ_2",3575.21253511497,-2.78435647313247,0.0858541653444837,-32.4312333823343,9.96267203412803e-231,1.05729316495027e-229
"yghA",19420.7882145224,7.26701739009479,0.202422079080525,35.9003198816267,3.01982978701062e-282,3.91217588623538e-281
"yhdG",8322.18446810582,-2.62122256831328,0.0903638599125199,-29.0074214498014,5.30401784318997e-185,4.47341798152913e-184
"yhdN",8661.38670393721,2.05988673782515,0.0715480331161873,28.7902636607786,2.84003009818145e-182,2.34710533401432e-181
"yidA_1",3724.77578872536,-0.410425779801353,0.0686844868804455,-5.9755237090983,2.2935217934224e-09,3.92395519207782e-09
"yidA_2",1848.63532912418,4.34957248439894,0.0937632168963144,46.3888999159319,0,0
"yidC",6631.28454786653,-2.08192382507382,0.0603867629397824,-34.4764932531639,1.80565250981514e-260,2.14589116455717e-259
"yjbM",1958.76153704806,0.4452683967105,0.0765429741338623,5.81723406686277,5.98293374902706e-09,1.01396095829121e-08
"yjhB_1",704.075995392263,2.19897634320641,0.101721770887476,21.6175586014807,1.22803933469472e-103,6.54044653070743e-103
"yknY_2",5375.23156202304,0.311200619437109,0.0595141673535378,5.22901744702994,1.70413284661177e-07,2.76117524893264e-07
"yodC_1",443.418341645179,-2.01694795579509,0.121096967504072,-16.6556437982419,2.75364992229042e-62,1.02187060342029e-61
"yoeB",8324.56368501106,3.18597702656332,0.0689895198658003,46.1805942809972,0,0
"ypdA_2",809.107809402103,2.73441816064615,0.118838348223666,23.0095604787412,3.73944820168271e-117,2.15524108778346e-116
"ypfD",46383.9008373455,0.421456514458605,0.0603028923031244,6.98899336934074,2.7686550487488e-12,5.10753811430504e-12
"ysnF",22032.618388321,5.58900224192881,0.0689359881031486,81.0752466993874,0,0
"yvbK",776.718562759744,0.496930243511497,0.106936698062648,4.64695705510164,3.36867260341002e-06,5.24542631695031e-06
"yvbW",2837.8523723267,4.19584737245534,0.0924801717257624,45.3702376861666,0,0
"yvdD",3660.28226090484,-4.99606880562883,0.0955131507207335,-52.3076536364778,0,0
"yvdM_1",1134.59485280474,0.404148880823865,0.0857019178948912,4.71575071773227,2.40821140381418e-06,3.77439563889351e-06
"yvgN",13328.0192269127,2.3628730627298,0.0629007831025716,37.565081803142,0,0
"ywpJ_2",5371.57549580544,0.295644668808717,0.0582410099047465,5.07622840490311,3.85000455667286e-07,6.19273663590109e-07
"yxeP",4616.91576125745,2.26469456898703,0.0739558323815592,30.622257853888,6.18798221511224e-206,5.740850596988e-205
"znuC_1",1452.73518129206,-0.319044176334043,0.0805381098206612,-3.9614063086963,7.45096184768723e-05,0.000109667176427577
"zosA",5629.57608417452,-2.3295597379629,0.0612440984142126,-38.0372933602088,0,0
"zupT",1813.82250725452,-0.305080039800248,0.0758979353624862,-4.01960920732817,5.82947557143808e-05,8.63759492192474e-05
